-- Copied from here: https://raw.githubusercontent.com/marceloverdijk/swapi-labs/master/swapi-labs-data/src/main/resources/data.sql
-- LICENSE: https://github.com/marceloverdijk/swapi-labs/blob/master/LICENSE
INSERT INTO planet (id, name, rotation_period, orbital_period, diameter, climate, gravity, terrain, surface_water, population, created, edited) VALUES (1, 'Tatooine', 23, 304, 10465, 'arid', '1 standard', 'desert', 1, 200000, '2014-12-09T13:50:49.641000Z', '2014-12-21T20:48:04.175778Z');
INSERT INTO planet (id, name, rotation_period, orbital_period, diameter, climate, gravity, terrain, surface_water, population, created, edited) VALUES (2, 'Alderaan', 24, 364, 12500, 'temperate', '1 standard', 'grasslands, mountains', 40, 2000000000, '2014-12-10T11:35:48.479000Z', '2014-12-20T20:58:18.420000Z');
INSERT INTO planet (id, name, rotation_period, orbital_period, diameter, climate, gravity, terrain, surface_water, population, created, edited) VALUES (3, 'Yavin IV', 24, 4818, 10200, 'temperate, tropical', '1 standard', 'jungle, rainforests', 8, 1000, '2014-12-10T11:37:19.144000Z', '2014-12-20T20:58:18.421000Z');
INSERT INTO planet (id, name, rotation_period, orbital_period, diameter, climate, gravity, terrain, surface_water, population, created, edited) VALUES (4, 'Hoth', 23, 549, 7200, 'frozen', '1.1 standard', 'tundra, ice caves, mountain ranges', 100, NULL, '2014-12-10T11:39:13.934000Z', '2014-12-20T20:58:18.423000Z');
INSERT INTO planet (id, name, rotation_period, orbital_period, diameter, climate, gravity, terrain, surface_water, population, created, edited) VALUES (5, 'Dagobah', 23, 341, 8900, 'murky', 'N/A', 'swamp, jungles', 8, NULL, '2014-12-10T11:42:22.590000Z', '2014-12-20T20:58:18.425000Z');
INSERT INTO planet (id, name, rotation_period, orbital_period, diameter, climate, gravity, terrain, surface_water, population, created, edited) VALUES (6, 'Bespin', 12, 5110, 118000, 'temperate', '1.5 (surface), 1 standard (Cloud City)', 'gas giant', 0, 6000000, '2014-12-10T11:43:55.240000Z', '2014-12-20T20:58:18.427000Z');
INSERT INTO planet (id, name, rotation_period, orbital_period, diameter, climate, gravity, terrain, surface_water, population, created, edited) VALUES (7, 'Endor', 18, 402, 4900, 'temperate', '0.85 standard', 'forests, mountains, lakes', 8, 30000000, '2014-12-10T11:50:29.349000Z', '2014-12-20T20:58:18.429000Z');
INSERT INTO planet (id, name, rotation_period, orbital_period, diameter, climate, gravity, terrain, surface_water, population, created, edited) VALUES (8, 'Naboo', 26, 312, 12120, 'temperate', '1 standard', 'grassy hills, swamps, forests, mountains', 12, 4500000000, '2014-12-10T11:52:31.066000Z', '2014-12-20T20:58:18.430000Z');
INSERT INTO planet (id, name, rotation_period, orbital_period, diameter, climate, gravity, terrain, surface_water, population, created, edited) VALUES (9, 'Coruscant', 24, 368, 12240, 'temperate', '1 standard', 'cityscape, mountains', NULL, 1000000000000, '2014-12-10T11:54:13.921000Z', '2014-12-20T20:58:18.432000Z');
INSERT INTO planet (id, name, rotation_period, orbital_period, diameter, climate, gravity, terrain, surface_water, population, created, edited) VALUES (10, 'Kamino', 27, 463, 19720, 'temperate', '1 standard', 'ocean', 100, 1000000000, '2014-12-10T12:45:06.577000Z', '2014-12-20T20:58:18.434000Z');
INSERT INTO planet (id, name, rotation_period, orbital_period, diameter, climate, gravity, terrain, surface_water, population, created, edited) VALUES (11, 'Geonosis', 30, 256, 11370, 'temperate, arid', '0.9 standard', 'rock, desert, mountain, barren', 5, 100000000000, '2014-12-10T12:47:22.350000Z', '2014-12-20T20:58:18.437000Z');
INSERT INTO planet (id, name, rotation_period, orbital_period, diameter, climate, gravity, terrain, surface_water, population, created, edited) VALUES (12, 'Utapau', 27, 351, 12900, 'temperate, arid, windy', '1 standard', 'scrublands, savanna, canyons, sinkholes', 0.9, 95000000, '2014-12-10T12:49:01.491000Z', '2014-12-20T20:58:18.439000Z');
INSERT INTO planet (id, name, rotation_period, orbital_period, diameter, climate, gravity, terrain, surface_water, population, created, edited) VALUES (13, 'Mustafar', 36, 412, 4200, 'hot', '1 standard', 'volcanoes, lava rivers, mountains, caves', 0, 20000, '2014-12-10T12:50:16.526000Z', '2014-12-20T20:58:18.440000Z');
INSERT INTO planet (id, name, rotation_period, orbital_period, diameter, climate, gravity, terrain, surface_water, population, created, edited) VALUES (14, 'Kashyyyk', 26, 381, 12765, 'tropical', '1 standard', 'jungle, forests, lakes, rivers', 60, 45000000, '2014-12-10T13:32:00.124000Z', '2014-12-20T20:58:18.442000Z');
INSERT INTO planet (id, name, rotation_period, orbital_period, diameter, climate, gravity, terrain, surface_water, population, created, edited) VALUES (15, 'Polis Massa', 24, 590, 0, 'artificial temperate ', '0.56 standard', 'airless asteroid', 0, 1000000, '2014-12-10T13:33:46.405000Z', '2014-12-20T20:58:18.444000Z');
INSERT INTO planet (id, name, rotation_period, orbital_period, diameter, climate, gravity, terrain, surface_water, population, created, edited) VALUES (16, 'Mygeeto', 12, 167, 10088, 'frigid', '1 standard', 'glaciers, mountains, ice canyons', NULL, 19000000, '2014-12-10T13:43:39.139000Z', '2014-12-20T20:58:18.446000Z');
INSERT INTO planet (id, name, rotation_period, orbital_period, diameter, climate, gravity, terrain, surface_water, population, created, edited) VALUES (17, 'Felucia', 34, 231, 9100, 'hot, humid', '0.75 standard', 'fungus forests', NULL, 8500000, '2014-12-10T13:44:50.397000Z', '2014-12-20T20:58:18.447000Z');
INSERT INTO planet (id, name, rotation_period, orbital_period, diameter, climate, gravity, terrain, surface_water, population, created, edited) VALUES (18, 'Cato Neimoidia', 25, 278, 0, 'temperate, moist', '1 standard', 'mountains, fields, forests, rock arches', NULL, 10000000, '2014-12-10T13:46:28.704000Z', '2014-12-20T20:58:18.449000Z');
INSERT INTO planet (id, name, rotation_period, orbital_period, diameter, climate, gravity, terrain, surface_water, population, created, edited) VALUES (19, 'Saleucami', 26, 392, 14920, 'hot', NULL, 'caves, desert, mountains, volcanoes', NULL, 1400000000, '2014-12-10T13:47:46.874000Z', '2014-12-20T20:58:18.450000Z');
INSERT INTO planet (id, name, rotation_period, orbital_period, diameter, climate, gravity, terrain, surface_water, population, created, edited) VALUES (20, 'Stewjon', NULL, NULL, 0, 'temperate', '1 standard', 'grass', NULL, NULL, '2014-12-10T16:16:26.566000Z', '2014-12-20T20:58:18.452000Z');
INSERT INTO planet (id, name, rotation_period, orbital_period, diameter, climate, gravity, terrain, surface_water, population, created, edited) VALUES (21, 'Eriadu', 24, 360, 13490, 'polluted', '1 standard', 'cityscape', NULL, 22000000000, '2014-12-10T16:26:54.384000Z', '2014-12-20T20:58:18.454000Z');
INSERT INTO planet (id, name, rotation_period, orbital_period, diameter, climate, gravity, terrain, surface_water, population, created, edited) VALUES (22, 'Corellia', 25, 329, 11000, 'temperate', '1 standard', 'plains, urban, hills, forests', 70, 3000000000, '2014-12-10T16:49:12.453000Z', '2014-12-20T20:58:18.456000Z');
INSERT INTO planet (id, name, rotation_period, orbital_period, diameter, climate, gravity, terrain, surface_water, population, created, edited) VALUES (23, 'Rodia', 29, 305, 7549, 'hot', '1 standard', 'jungles, oceans, urban, swamps', 60, 1300000000, '2014-12-10T17:03:28.110000Z', '2014-12-20T20:58:18.458000Z');
INSERT INTO planet (id, name, rotation_period, orbital_period, diameter, climate, gravity, terrain, surface_water, population, created, edited) VALUES (24, 'Nal Hutta', 87, 413, 12150, 'temperate', '1 standard', 'urban, oceans, swamps, bogs', NULL, 7000000000, '2014-12-10T17:11:29.452000Z', '2014-12-20T20:58:18.460000Z');
INSERT INTO planet (id, name, rotation_period, orbital_period, diameter, climate, gravity, terrain, surface_water, population, created, edited) VALUES (25, 'Dantooine', 25, 378, 9830, 'temperate', '1 standard', 'oceans, savannas, mountains, grasslands', NULL, 1000, '2014-12-10T17:23:29.896000Z', '2014-12-20T20:58:18.461000Z');
INSERT INTO planet (id, name, rotation_period, orbital_period, diameter, climate, gravity, terrain, surface_water, population, created, edited) VALUES (26, 'Bestine IV', 26, 680, 6400, 'temperate', NULL, 'rocky islands, oceans', 98, 62000000, '2014-12-12T11:16:55.078000Z', '2014-12-20T20:58:18.463000Z');
INSERT INTO planet (id, name, rotation_period, orbital_period, diameter, climate, gravity, terrain, surface_water, population, created, edited) VALUES (27, 'Ord Mantell', 26, 334, 14050, 'temperate', '1 standard', 'plains, seas, mesas', 10, 4000000000, '2014-12-15T12:23:41.661000Z', '2014-12-20T20:58:18.464000Z');
INSERT INTO planet (id, name, rotation_period, orbital_period, diameter, climate, gravity, terrain, surface_water, population, created, edited) VALUES (29, 'Trandosha', 25, 371, 0, 'arid', '0.62 standard', 'mountains, seas, grasslands, deserts', NULL, 42000000, '2014-12-15T12:53:47.695000Z', '2014-12-20T20:58:18.468000Z');
INSERT INTO planet (id, name, rotation_period, orbital_period, diameter, climate, gravity, terrain, surface_water, population, created, edited) VALUES (30, 'Socorro', 20, 326, 0, 'arid', '1 standard', 'deserts, mountains', NULL, 300000000, '2014-12-15T12:56:31.121000Z', '2014-12-20T20:58:18.469000Z');
INSERT INTO planet (id, name, rotation_period, orbital_period, diameter, climate, gravity, terrain, surface_water, population, created, edited) VALUES (31, 'Mon Cala', 21, 398, 11030, 'temperate', '1', 'oceans, reefs, islands', 100, 27000000000, '2014-12-18T11:07:01.792000Z', '2014-12-20T20:58:18.471000Z');
INSERT INTO planet (id, name, rotation_period, orbital_period, diameter, climate, gravity, terrain, surface_water, population, created, edited) VALUES (32, 'Chandrila', 20, 368, 13500, 'temperate', '1', 'plains, forests', 40, 1200000000, '2014-12-18T11:11:51.872000Z', '2014-12-20T20:58:18.472000Z');
INSERT INTO planet (id, name, rotation_period, orbital_period, diameter, climate, gravity, terrain, surface_water, population, created, edited) VALUES (33, 'Sullust', 20, 263, 12780, 'superheated', '1', 'mountains, volcanoes, rocky deserts', 5, 18500000000, '2014-12-18T11:25:40.243000Z', '2014-12-20T20:58:18.474000Z');
INSERT INTO planet (id, name, rotation_period, orbital_period, diameter, climate, gravity, terrain, surface_water, population, created, edited) VALUES (34, 'Toydaria', 21, 184, 7900, 'temperate', '1', 'swamps, lakes', NULL, 11000000, '2014-12-19T17:47:54.403000Z', '2014-12-20T20:58:18.476000Z');
INSERT INTO planet (id, name, rotation_period, orbital_period, diameter, climate, gravity, terrain, surface_water, population, created, edited) VALUES (35, 'Malastare', 26, 201, 18880, 'arid, temperate, tropical', '1.56', 'swamps, deserts, jungles, mountains', NULL, 2000000000, '2014-12-19T17:52:13.106000Z', '2014-12-20T20:58:18.478000Z');
INSERT INTO planet (id, name, rotation_period, orbital_period, diameter, climate, gravity, terrain, surface_water, population, created, edited) VALUES (36, 'Dathomir', 24, 491, 10480, 'temperate', '0.9', 'forests, deserts, savannas', NULL, 5200, '2014-12-19T18:00:40.142000Z', '2014-12-20T20:58:18.480000Z');
INSERT INTO planet (id, name, rotation_period, orbital_period, diameter, climate, gravity, terrain, surface_water, population, created, edited) VALUES (37, 'Ryloth', 30, 305, 10600, 'temperate, arid, subartic', '1', 'mountains, valleys, deserts, tundra', 5, 1500000000, '2014-12-20T09:46:25.740000Z', '2014-12-20T20:58:18.481000Z');
INSERT INTO planet (id, name, rotation_period, orbital_period, diameter, climate, gravity, terrain, surface_water, population, created, edited) VALUES (38, 'Aleen Minor', NULL, NULL, NULL, NULL, NULL, NULL, NULL, NULL, '2014-12-20T09:52:23.452000Z', '2014-12-20T20:58:18.483000Z');
INSERT INTO planet (id, name, rotation_period, orbital_period, diameter, climate, gravity, terrain, surface_water, population, created, edited) VALUES (39, 'Vulpter', 22, 391, 14900, 'temperate, artic', '1', 'urban, barren', NULL, 421000000, '2014-12-20T09:56:58.874000Z', '2014-12-20T20:58:18.485000Z');
INSERT INTO planet (id, name, rotation_period, orbital_period, diameter, climate, gravity, terrain, surface_water, population, created, edited) VALUES (40, 'Troiken', NULL, NULL, NULL, NULL, NULL, 'desert, tundra, rainforests, mountains', NULL, NULL, '2014-12-20T10:01:37.395000Z', '2014-12-20T20:58:18.487000Z');
INSERT INTO planet (id, name, rotation_period, orbital_period, diameter, climate, gravity, terrain, surface_water, population, created, edited) VALUES (41, 'Tund', 48, 1770, 12190, NULL, NULL, 'barren, ash', NULL, 0, '2014-12-20T10:07:29.578000Z', '2014-12-20T20:58:18.489000Z');
INSERT INTO planet (id, name, rotation_period, orbital_period, diameter, climate, gravity, terrain, surface_water, population, created, edited) VALUES (42, 'Haruun Kal', 25, 383, 10120, 'temperate', '0.98', 'toxic cloudsea, plateaus, volcanoes', NULL, 705300, '2014-12-20T10:12:28.980000Z', '2014-12-20T20:58:18.491000Z');
INSERT INTO planet (id, name, rotation_period, orbital_period, diameter, climate, gravity, terrain, surface_water, population, created, edited) VALUES (43, 'Cerea', 27, 386, NULL, 'temperate', '1', 'verdant', 20, 450000000, '2014-12-20T10:14:48.178000Z', '2014-12-20T20:58:18.493000Z');
INSERT INTO planet (id, name, rotation_period, orbital_period, diameter, climate, gravity, terrain, surface_water, population, created, edited) VALUES (44, 'Glee Anselm', 33, 206, 15600, 'tropical, temperate', '1', 'lakes, islands, swamps, seas', 80, 500000000, '2014-12-20T10:18:26.110000Z', '2014-12-20T20:58:18.495000Z');
INSERT INTO planet (id, name, rotation_period, orbital_period, diameter, climate, gravity, terrain, surface_water, population, created, edited) VALUES (45, 'Iridonia', 29, 413, NULL, NULL, NULL, 'rocky canyons, acid pools', NULL, NULL, '2014-12-20T10:26:05.788000Z', '2014-12-20T20:58:18.497000Z');
INSERT INTO planet (id, name, rotation_period, orbital_period, diameter, climate, gravity, terrain, surface_water, population, created, edited) VALUES (46, 'Tholoth', NULL, NULL, NULL, NULL, NULL, NULL, NULL, NULL, '2014-12-20T10:28:31.117000Z', '2014-12-20T20:58:18.498000Z');
INSERT INTO planet (id, name, rotation_period, orbital_period, diameter, climate, gravity, terrain, surface_water, population, created, edited) VALUES (47, 'Iktotch', 22, 481, NULL, 'arid, rocky, windy', '1', 'rocky', NULL, NULL, '2014-12-20T10:31:32.413000Z', '2014-12-20T20:58:18.500000Z');
INSERT INTO planet (id, name, rotation_period, orbital_period, diameter, climate, gravity, terrain, surface_water, population, created, edited) VALUES (48, 'Quermia', NULL, NULL, NULL, NULL, NULL, NULL, NULL, NULL, '2014-12-20T10:34:08.249000Z', '2014-12-20T20:58:18.502000Z');
INSERT INTO planet (id, name, rotation_period, orbital_period, diameter, climate, gravity, terrain, surface_water, population, created, edited) VALUES (49, 'Dorin', 22, 409, 13400, 'temperate', '1', NULL, NULL, NULL, '2014-12-20T10:48:36.141000Z', '2014-12-20T20:58:18.504000Z');
INSERT INTO planet (id, name, rotation_period, orbital_period, diameter, climate, gravity, terrain, surface_water, population, created, edited) VALUES (50, 'Champala', 27, 318, NULL, 'temperate', '1', 'oceans, rainforests, plateaus', NULL, 3500000000, '2014-12-20T10:52:51.524000Z', '2014-12-20T20:58:18.506000Z');
INSERT INTO planet (id, name, rotation_period, orbital_period, diameter, climate, gravity, terrain, surface_water, population, created, edited) VALUES (51, 'Mirial', NULL, NULL, NULL, NULL, NULL, 'deserts', NULL, NULL, '2014-12-20T16:44:46.318000Z', '2014-12-20T20:58:18.508000Z');
INSERT INTO planet (id, name, rotation_period, orbital_period, diameter, climate, gravity, terrain, surface_water, population, created, edited) VALUES (52, 'Serenno', NULL, NULL, NULL, NULL, NULL, 'rainforests, rivers, mountains', NULL, NULL, '2014-12-20T16:52:13.357000Z', '2014-12-20T20:58:18.510000Z');
INSERT INTO planet (id, name, rotation_period, orbital_period, diameter, climate, gravity, terrain, surface_water, population, created, edited) VALUES (53, 'Concord Dawn', NULL, NULL, NULL, NULL, NULL, 'jungles, forests, deserts', NULL, NULL, '2014-12-20T16:54:39.909000Z', '2014-12-20T20:58:18.512000Z');
INSERT INTO planet (id, name, rotation_period, orbital_period, diameter, climate, gravity, terrain, surface_water, population, created, edited) VALUES (54, 'Zolan', NULL, NULL, NULL, NULL, NULL, NULL, NULL, NULL, '2014-12-20T16:56:37.250000Z', '2014-12-20T20:58:18.514000Z');
INSERT INTO planet (id, name, rotation_period, orbital_period, diameter, climate, gravity, terrain, surface_water, population, created, edited) VALUES (55, 'Ojom', NULL, NULL, NULL, 'frigid', NULL, 'oceans, glaciers', 100, 500000000, '2014-12-20T17:27:41.286000Z', '2014-12-20T20:58:18.516000Z');
INSERT INTO planet (id, name, rotation_period, orbital_period, diameter, climate, gravity, terrain, surface_water, population, created, edited) VALUES (56, 'Skako', 27, 384, NULL, 'temperate', '1', 'urban, vines', NULL, 500000000000, '2014-12-20T17:50:47.864000Z', '2014-12-20T20:58:18.517000Z');
INSERT INTO planet (id, name, rotation_period, orbital_period, diameter, climate, gravity, terrain, surface_water, population, created, edited) VALUES (57, 'Muunilinst', 28, 412, 13800, 'temperate', '1', 'plains, forests, hills, mountains', 25, 5000000000, '2014-12-20T17:57:47.420000Z', '2014-12-20T20:58:18.519000Z');
INSERT INTO planet (id, name, rotation_period, orbital_period, diameter, climate, gravity, terrain, surface_water, population, created, edited) VALUES (58, 'Shili', NULL, NULL, NULL, 'temperate', '1', 'cities, savannahs, seas, plains', NULL, NULL, '2014-12-20T18:43:14.049000Z', '2014-12-20T20:58:18.521000Z');
INSERT INTO planet (id, name, rotation_period, orbital_period, diameter, climate, gravity, terrain, surface_water, population, created, edited) VALUES (59, 'Kalee', 23, 378, 13850, 'arid, temperate, tropical', '1', 'rainforests, cliffs, canyons, seas', NULL, 4000000000, '2014-12-20T19:43:51.278000Z', '2014-12-20T20:58:18.523000Z');
INSERT INTO planet (id, name, rotation_period, orbital_period, diameter, climate, gravity, terrain, surface_water, population, created, edited) VALUES (60, 'Umbara', NULL, NULL, NULL, NULL, NULL, NULL, NULL, NULL, '2014-12-20T20:18:36.256000Z', '2014-12-20T20:58:18.525000Z');
INSERT INTO planet (id, name, rotation_period, orbital_period, diameter, climate, gravity, terrain, surface_water, population, created, edited) VALUES (61, 'Jakku', NULL, NULL, NULL, NULL, NULL, 'deserts', NULL, NULL, '2015-04-17T06:55:57.556495Z', '2015-04-17T06:55:57.556551Z');

INSERT INTO person (id, name, height, mass, hair_color, skin_color, eye_color, birth_year, gender, homeworld, created, edited) VALUES (1, 'Luke Skywalker', 172, 77, 'blond', 'fair', 'blue', '19BBY', 'male', 1, '2014-12-09T13:50:51.644000Z', '2014-12-20T21:17:56.891000Z');
INSERT INTO person (id, name, height, mass, hair_color, skin_color, eye_color, birth_year, gender, homeworld, created, edited) VALUES (2, 'C-3PO', 167, 75, NULL, 'gold', 'yellow', '112BBY', NULL, 1, '2014-12-10T15:10:51.357000Z', '2014-12-20T21:17:50.309000Z');
INSERT INTO person (id, name, height, mass, hair_color, skin_color, eye_color, birth_year, gender, homeworld, created, edited) VALUES (3, 'R2-D2', 96, 32, NULL, 'white, blue', 'red', '33BBY', NULL, 8, '2014-12-10T15:11:50.376000Z', '2014-12-20T21:17:50.311000Z');
INSERT INTO person (id, name, height, mass, hair_color, skin_color, eye_color, birth_year, gender, homeworld, created, edited) VALUES (4, 'Darth Vader', 202, 136, NULL, 'white', 'yellow', '41.9BBY', 'male', 1, '2014-12-10T15:18:20.704000Z', '2014-12-20T21:17:50.313000Z');
INSERT INTO person (id, name, height, mass, hair_color, skin_color, eye_color, birth_year, gender, homeworld, created, edited) VALUES (5, 'Leia Organa', 150, 49, 'brown', 'light', 'brown', '19BBY', 'female', 2, '2014-12-10T15:20:09.791000Z', '2014-12-20T21:17:50.315000Z');
INSERT INTO person (id, name, height, mass, hair_color, skin_color, eye_color, birth_year, gender, homeworld, created, edited) VALUES (6, 'Owen Lars', 178, 120, 'brown, grey', 'light', 'blue', '52BBY', 'male', 1, '2014-12-10T15:52:14.024000Z', '2014-12-20T21:17:50.317000Z');
INSERT INTO person (id, name, height, mass, hair_color, skin_color, eye_color, birth_year, gender, homeworld, created, edited) VALUES (7, 'Beru Whitesun lars', 165, 75, 'brown', 'light', 'blue', '47BBY', 'female', 1, '2014-12-10T15:53:41.121000Z', '2014-12-20T21:17:50.319000Z');
INSERT INTO person (id, name, height, mass, hair_color, skin_color, eye_color, birth_year, gender, homeworld, created, edited) VALUES (8, 'R5-D4', 97, 32, NULL, 'white, red', 'red', NULL, NULL, 1, '2014-12-10T15:57:50.959000Z', '2014-12-20T21:17:50.321000Z');
INSERT INTO person (id, name, height, mass, hair_color, skin_color, eye_color, birth_year, gender, homeworld, created, edited) VALUES (9, 'Biggs Darklighter', 183, 84, 'black', 'light', 'brown', '24BBY', 'male', 1, '2014-12-10T15:59:50.509000Z', '2014-12-20T21:17:50.323000Z');
INSERT INTO person (id, name, height, mass, hair_color, skin_color, eye_color, birth_year, gender, homeworld, created, edited) VALUES (10, 'Obi-Wan Kenobi', 182, 77, 'auburn, white', 'fair', 'blue-gray', '57BBY', 'male', 20, '2014-12-10T16:16:29.192000Z', '2014-12-20T21:17:50.325000Z');
INSERT INTO person (id, name, height, mass, hair_color, skin_color, eye_color, birth_year, gender, homeworld, created, edited) VALUES (11, 'Anakin Skywalker', 188, 84, 'blond', 'fair', 'blue', '41.9BBY', 'male', 1, '2014-12-10T16:20:44.310000Z', '2014-12-20T21:17:50.327000Z');
INSERT INTO person (id, name, height, mass, hair_color, skin_color, eye_color, birth_year, gender, homeworld, created, edited) VALUES (12, 'Wilhuff Tarkin', 180, NULL, 'auburn, grey', 'fair', 'blue', '64BBY', 'male', 21, '2014-12-10T16:26:56.138000Z', '2014-12-20T21:17:50.330000Z');
INSERT INTO person (id, name, height, mass, hair_color, skin_color, eye_color, birth_year, gender, homeworld, created, edited) VALUES (13, 'Chewbacca', 228, 112, 'brown', NULL, 'blue', '200BBY', 'male', 14, '2014-12-10T16:42:45.066000Z', '2014-12-20T21:17:50.332000Z');
INSERT INTO person (id, name, height, mass, hair_color, skin_color, eye_color, birth_year, gender, homeworld, created, edited) VALUES (14, 'Han Solo', 180, 80, 'brown', 'fair', 'brown', '29BBY', 'male', 22, '2014-12-10T16:49:14.582000Z', '2014-12-20T21:17:50.334000Z');
INSERT INTO person (id, name, height, mass, hair_color, skin_color, eye_color, birth_year, gender, homeworld, created, edited) VALUES (15, 'Greedo', 173, 74, NULL, 'green', 'black', '44BBY', 'male', 23, '2014-12-10T17:03:30.334000Z', '2014-12-20T21:17:50.336000Z');
INSERT INTO person (id, name, height, mass, hair_color, skin_color, eye_color, birth_year, gender, homeworld, created, edited) VALUES (16, 'Jabba Desilijic Tiure', 175, 1.358, NULL, 'green-tan, brown', 'orange', '600BBY', 'hermaphrodite', 24, '2014-12-10T17:11:31.638000Z', '2014-12-20T21:17:50.338000Z');
INSERT INTO person (id, name, height, mass, hair_color, skin_color, eye_color, birth_year, gender, homeworld, created, edited) VALUES (18, 'Wedge Antilles', 170, 77, 'brown', 'fair', 'hazel', '21BBY', 'male', 22, '2014-12-12T11:08:06.469000Z', '2014-12-20T21:17:50.341000Z');
INSERT INTO person (id, name, height, mass, hair_color, skin_color, eye_color, birth_year, gender, homeworld, created, edited) VALUES (19, 'Jek Tono Porkins', 180, 110, 'brown', 'fair', 'blue', NULL, 'male', 26, '2014-12-12T11:16:56.569000Z', '2014-12-20T21:17:50.343000Z');
INSERT INTO person (id, name, height, mass, hair_color, skin_color, eye_color, birth_year, gender, homeworld, created, edited) VALUES (20, 'Yoda', 66, 17, 'white', 'green', 'brown', '896BBY', 'male', NULL, '2014-12-15T12:26:01.042000Z', '2014-12-20T21:17:50.345000Z');
INSERT INTO person (id, name, height, mass, hair_color, skin_color, eye_color, birth_year, gender, homeworld, created, edited) VALUES (21, 'Palpatine', 170, 75, 'grey', 'pale', 'yellow', '82BBY', 'male', 8, '2014-12-15T12:48:05.971000Z', '2014-12-20T21:17:50.347000Z');
INSERT INTO person (id, name, height, mass, hair_color, skin_color, eye_color, birth_year, gender, homeworld, created, edited) VALUES (22, 'Boba Fett', 183, 78.2, 'black', 'fair', 'brown', '31.5BBY', 'male', 10, '2014-12-15T12:49:32.457000Z', '2014-12-20T21:17:50.349000Z');
INSERT INTO person (id, name, height, mass, hair_color, skin_color, eye_color, birth_year, gender, homeworld, created, edited) VALUES (23, 'IG-88', 200, 140, NULL, 'metal', 'red', '15BBY', NULL, NULL, '2014-12-15T12:51:10.076000Z', '2014-12-20T21:17:50.351000Z');
INSERT INTO person (id, name, height, mass, hair_color, skin_color, eye_color, birth_year, gender, homeworld, created, edited) VALUES (24, 'Bossk', 190, 113, NULL, 'green', 'red', '53BBY', 'male', 29, '2014-12-15T12:53:49.297000Z', '2014-12-20T21:17:50.355000Z');
INSERT INTO person (id, name, height, mass, hair_color, skin_color, eye_color, birth_year, gender, homeworld, created, edited) VALUES (25, 'Lando Calrissian', 177, 79, 'black', 'dark', 'brown', '31BBY', 'male', 30, '2014-12-15T12:56:32.683000Z', '2014-12-20T21:17:50.357000Z');
INSERT INTO person (id, name, height, mass, hair_color, skin_color, eye_color, birth_year, gender, homeworld, created, edited) VALUES (26, 'Lobot', 175, 79, NULL, 'light', 'blue', '37BBY', 'male', 6, '2014-12-15T13:01:57.178000Z', '2014-12-20T21:17:50.359000Z');
INSERT INTO person (id, name, height, mass, hair_color, skin_color, eye_color, birth_year, gender, homeworld, created, edited) VALUES (27, 'Ackbar', 180, 83, NULL, 'brown mottle', 'orange', '41BBY', 'male', 31, '2014-12-18T11:07:50.584000Z', '2014-12-20T21:17:50.362000Z');
INSERT INTO person (id, name, height, mass, hair_color, skin_color, eye_color, birth_year, gender, homeworld, created, edited) VALUES (28, 'Mon Mothma', 150, NULL, 'auburn', 'fair', 'blue', '48BBY', 'female', 32, '2014-12-18T11:12:38.895000Z', '2014-12-20T21:17:50.364000Z');
INSERT INTO person (id, name, height, mass, hair_color, skin_color, eye_color, birth_year, gender, homeworld, created, edited) VALUES (29, 'Arvel Crynyd', NULL, NULL, 'brown', 'fair', 'brown', NULL, 'male', NULL, '2014-12-18T11:16:33.020000Z', '2014-12-20T21:17:50.367000Z');
INSERT INTO person (id, name, height, mass, hair_color, skin_color, eye_color, birth_year, gender, homeworld, created, edited) VALUES (30, 'Wicket Systri Warrick', 88, 20, 'brown', 'brown', 'brown', '8BBY', 'male', 7, '2014-12-18T11:21:58.954000Z', '2014-12-20T21:17:50.369000Z');
INSERT INTO person (id, name, height, mass, hair_color, skin_color, eye_color, birth_year, gender, homeworld, created, edited) VALUES (31, 'Nien Nunb', 160, 68, NULL, 'grey', 'black', NULL, 'male', 33, '2014-12-18T11:26:18.541000Z', '2014-12-20T21:17:50.371000Z');
INSERT INTO person (id, name, height, mass, hair_color, skin_color, eye_color, birth_year, gender, homeworld, created, edited) VALUES (32, 'Qui-Gon Jinn', 193, 89, 'brown', 'fair', 'blue', '92BBY', 'male', NULL, '2014-12-19T16:54:53.618000Z', '2014-12-20T21:17:50.375000Z');
INSERT INTO person (id, name, height, mass, hair_color, skin_color, eye_color, birth_year, gender, homeworld, created, edited) VALUES (33, 'Nute Gunray', 191, 90, NULL, 'mottled green', 'red', NULL, 'male', 18, '2014-12-19T17:05:57.357000Z', '2014-12-20T21:17:50.377000Z');
INSERT INTO person (id, name, height, mass, hair_color, skin_color, eye_color, birth_year, gender, homeworld, created, edited) VALUES (34, 'Finis Valorum', 170, NULL, 'blond', 'fair', 'blue', '91BBY', 'male', 9, '2014-12-19T17:21:45.915000Z', '2014-12-20T21:17:50.379000Z');
INSERT INTO person (id, name, height, mass, hair_color, skin_color, eye_color, birth_year, gender, homeworld, created, edited) VALUES (35, 'Padmé Amidala', 165, 45, 'brown', 'light', 'brown', '46BBY', 'female', 8, '2014-12-19T17:28:26.926000Z', '2016-04-20T17:06:31.502555Z');
INSERT INTO person (id, name, height, mass, hair_color, skin_color, eye_color, birth_year, gender, homeworld, created, edited) VALUES (36, 'Jar Jar Binks', 196, 66, NULL, 'orange', 'orange', '52BBY', 'male', 8, '2014-12-19T17:29:32.489000Z', '2014-12-20T21:17:50.383000Z');
INSERT INTO person (id, name, height, mass, hair_color, skin_color, eye_color, birth_year, gender, homeworld, created, edited) VALUES (37, 'Roos Tarpals', 224, 82, NULL, 'grey', 'orange', NULL, 'male', 8, '2014-12-19T17:32:56.741000Z', '2014-12-20T21:17:50.385000Z');
INSERT INTO person (id, name, height, mass, hair_color, skin_color, eye_color, birth_year, gender, homeworld, created, edited) VALUES (38, 'Rugor Nass', 206, NULL, NULL, 'green', 'orange', NULL, 'male', 8, '2014-12-19T17:33:38.909000Z', '2014-12-20T21:17:50.388000Z');
INSERT INTO person (id, name, height, mass, hair_color, skin_color, eye_color, birth_year, gender, homeworld, created, edited) VALUES (39, 'Ric Olié', 183, NULL, 'brown', 'fair', 'blue', NULL, 'male', 8, '2014-12-19T17:45:01.522000Z', '2014-12-20T21:17:50.392000Z');
INSERT INTO person (id, name, height, mass, hair_color, skin_color, eye_color, birth_year, gender, homeworld, created, edited) VALUES (40, 'Watto', 137, NULL, 'black', 'blue, grey', 'yellow', NULL, 'male', 34, '2014-12-19T17:48:54.647000Z', '2014-12-20T21:17:50.395000Z');
INSERT INTO person (id, name, height, mass, hair_color, skin_color, eye_color, birth_year, gender, homeworld, created, edited) VALUES (41, 'Sebulba', 112, 40, NULL, 'grey, red', 'orange', NULL, 'male', 35, '2014-12-19T17:53:02.586000Z', '2014-12-20T21:17:50.397000Z');
INSERT INTO person (id, name, height, mass, hair_color, skin_color, eye_color, birth_year, gender, homeworld, created, edited) VALUES (42, 'Quarsh Panaka', 183, NULL, 'black', 'dark', 'brown', '62BBY', 'male', 8, '2014-12-19T17:55:43.348000Z', '2014-12-20T21:17:50.399000Z');
INSERT INTO person (id, name, height, mass, hair_color, skin_color, eye_color, birth_year, gender, homeworld, created, edited) VALUES (43, 'Shmi Skywalker', 163, NULL, 'black', 'fair', 'brown', '72BBY', 'female', 1, '2014-12-19T17:57:41.191000Z', '2014-12-20T21:17:50.401000Z');
INSERT INTO person (id, name, height, mass, hair_color, skin_color, eye_color, birth_year, gender, homeworld, created, edited) VALUES (44, 'Darth Maul', 175, 80, NULL, 'red', 'yellow', '54BBY', 'male', 36, '2014-12-19T18:00:41.929000Z', '2014-12-20T21:17:50.403000Z');
INSERT INTO person (id, name, height, mass, hair_color, skin_color, eye_color, birth_year, gender, homeworld, created, edited) VALUES (45, 'Bib Fortuna', 180, NULL, NULL, 'pale', 'pink', NULL, 'male', 37, '2014-12-20T09:47:02.512000Z', '2014-12-20T21:17:50.407000Z');
INSERT INTO person (id, name, height, mass, hair_color, skin_color, eye_color, birth_year, gender, homeworld, created, edited) VALUES (46, 'Ayla Secura', 178, 55, NULL, 'blue', 'hazel', '48BBY', 'female', 37, '2014-12-20T09:48:01.172000Z', '2014-12-20T21:17:50.409000Z');
INSERT INTO person (id, name, height, mass, hair_color, skin_color, eye_color, birth_year, gender, homeworld, created, edited) VALUES (47, 'Ratts Tyerell', 79, 15, NULL, 'grey, blue', NULL, NULL, 'male', 38, '2014-12-20T09:53:15.086000Z', '2016-06-30T12:52:19.604868Z');
INSERT INTO person (id, name, height, mass, hair_color, skin_color, eye_color, birth_year, gender, homeworld, created, edited) VALUES (48, 'Dud Bolt', 94, 45, NULL, 'blue, grey', 'yellow', NULL, 'male', 39, '2014-12-20T09:57:31.858000Z', '2014-12-20T21:17:50.414000Z');
INSERT INTO person (id, name, height, mass, hair_color, skin_color, eye_color, birth_year, gender, homeworld, created, edited) VALUES (49, 'Gasgano', 122, NULL, NULL, 'white, blue', 'black', NULL, 'male', 40, '2014-12-20T10:02:12.223000Z', '2014-12-20T21:17:50.416000Z');
INSERT INTO person (id, name, height, mass, hair_color, skin_color, eye_color, birth_year, gender, homeworld, created, edited) VALUES (50, 'Ben Quadinaros', 163, 65, NULL, 'grey, green, yellow', 'orange', NULL, 'male', 41, '2014-12-20T10:08:33.777000Z', '2014-12-20T21:17:50.417000Z');
INSERT INTO person (id, name, height, mass, hair_color, skin_color, eye_color, birth_year, gender, homeworld, created, edited) VALUES (51, 'Mace Windu', 188, 84, NULL, 'dark', 'brown', '72BBY', 'male', 42, '2014-12-20T10:12:30.846000Z', '2014-12-20T21:17:50.420000Z');
INSERT INTO person (id, name, height, mass, hair_color, skin_color, eye_color, birth_year, gender, homeworld, created, edited) VALUES (52, 'Ki-Adi-Mundi', 198, 82, 'white', 'pale', 'yellow', '92BBY', 'male', 43, '2014-12-20T10:15:32.293000Z', '2014-12-20T21:17:50.422000Z');
INSERT INTO person (id, name, height, mass, hair_color, skin_color, eye_color, birth_year, gender, homeworld, created, edited) VALUES (53, 'Kit Fisto', 196, 87, NULL, 'green', 'black', NULL, 'male', 44, '2014-12-20T10:18:57.202000Z', '2014-12-20T21:17:50.424000Z');
INSERT INTO person (id, name, height, mass, hair_color, skin_color, eye_color, birth_year, gender, homeworld, created, edited) VALUES (54, 'Eeth Koth', 171, NULL, 'black', 'brown', 'brown', NULL, 'male', 45, '2014-12-20T10:26:47.902000Z', '2014-12-20T21:17:50.427000Z');
INSERT INTO person (id, name, height, mass, hair_color, skin_color, eye_color, birth_year, gender, homeworld, created, edited) VALUES (55, 'Adi Gallia', 184, 50, NULL, 'dark', 'blue', NULL, 'female', 9, '2014-12-20T10:29:11.661000Z', '2014-12-20T21:17:50.432000Z');
INSERT INTO person (id, name, height, mass, hair_color, skin_color, eye_color, birth_year, gender, homeworld, created, edited) VALUES (56, 'Saesee Tiin', 188, NULL, NULL, 'pale', 'orange', NULL, 'male', 47, '2014-12-20T10:32:11.669000Z', '2014-12-20T21:17:50.434000Z');
INSERT INTO person (id, name, height, mass, hair_color, skin_color, eye_color, birth_year, gender, homeworld, created, edited) VALUES (57, 'Yarael Poof', 264, NULL, NULL, 'white', 'yellow', NULL, 'male', 48, '2014-12-20T10:34:48.725000Z', '2014-12-20T21:17:50.437000Z');
INSERT INTO person (id, name, height, mass, hair_color, skin_color, eye_color, birth_year, gender, homeworld, created, edited) VALUES (58, 'Plo Koon', 188, 80, NULL, 'orange', 'black', '22BBY', 'male', 49, '2014-12-20T10:49:19.859000Z', '2014-12-20T21:17:50.439000Z');
INSERT INTO person (id, name, height, mass, hair_color, skin_color, eye_color, birth_year, gender, homeworld, created, edited) VALUES (59, 'Mas Amedda', 196, NULL, NULL, 'blue', 'blue', NULL, 'male', 50, '2014-12-20T10:53:26.457000Z', '2014-12-20T21:17:50.442000Z');
INSERT INTO person (id, name, height, mass, hair_color, skin_color, eye_color, birth_year, gender, homeworld, created, edited) VALUES (60, 'Gregar Typho', 185, 85, 'black', 'dark', 'brown', NULL, 'male', 8, '2014-12-20T11:10:10.381000Z', '2014-12-20T21:17:50.445000Z');
INSERT INTO person (id, name, height, mass, hair_color, skin_color, eye_color, birth_year, gender, homeworld, created, edited) VALUES (61, 'Cordé', 157, NULL, 'brown', 'light', 'brown', NULL, 'female', 8, '2014-12-20T11:11:39.630000Z', '2014-12-20T21:17:50.449000Z');
INSERT INTO person (id, name, height, mass, hair_color, skin_color, eye_color, birth_year, gender, homeworld, created, edited) VALUES (62, 'Cliegg Lars', 183, NULL, 'brown', 'fair', 'blue', '82BBY', 'male', 1, '2014-12-20T15:59:03.958000Z', '2014-12-20T21:17:50.451000Z');
INSERT INTO person (id, name, height, mass, hair_color, skin_color, eye_color, birth_year, gender, homeworld, created, edited) VALUES (63, 'Poggle the Lesser', 183, 80, NULL, 'green', 'yellow', NULL, 'male', 11, '2014-12-20T16:40:43.977000Z', '2014-12-20T21:17:50.453000Z');
INSERT INTO person (id, name, height, mass, hair_color, skin_color, eye_color, birth_year, gender, homeworld, created, edited) VALUES (64, 'Luminara Unduli', 170, 56.2, 'black', 'yellow', 'blue', '58BBY', 'female', 51, '2014-12-20T16:45:53.668000Z', '2014-12-20T21:17:50.455000Z');
INSERT INTO person (id, name, height, mass, hair_color, skin_color, eye_color, birth_year, gender, homeworld, created, edited) VALUES (65, 'Barriss Offee', 166, 50, 'black', 'yellow', 'blue', '40BBY', 'female', 51, '2014-12-20T16:46:40.440000Z', '2014-12-20T21:17:50.457000Z');
INSERT INTO person (id, name, height, mass, hair_color, skin_color, eye_color, birth_year, gender, homeworld, created, edited) VALUES (66, 'Dormé', 165, NULL, 'brown', 'light', 'brown', NULL, 'female', 8, '2014-12-20T16:49:14.640000Z', '2014-12-20T21:17:50.460000Z');
INSERT INTO person (id, name, height, mass, hair_color, skin_color, eye_color, birth_year, gender, homeworld, created, edited) VALUES (67, 'Dooku', 193, 80, 'white', 'fair', 'brown', '102BBY', 'male', 52, '2014-12-20T16:52:14.726000Z', '2014-12-20T21:17:50.462000Z');
INSERT INTO person (id, name, height, mass, hair_color, skin_color, eye_color, birth_year, gender, homeworld, created, edited) VALUES (68, 'Bail Prestor Organa', 191, NULL, 'black', 'tan', 'brown', '67BBY', 'male', 2, '2014-12-20T16:53:08.575000Z', '2014-12-20T21:17:50.463000Z');
INSERT INTO person (id, name, height, mass, hair_color, skin_color, eye_color, birth_year, gender, homeworld, created, edited) VALUES (69, 'Jango Fett', 183, 79, 'black', 'tan', 'brown', '66BBY', 'male', 53, '2014-12-20T16:54:41.620000Z', '2014-12-20T21:17:50.465000Z');
INSERT INTO person (id, name, height, mass, hair_color, skin_color, eye_color, birth_year, gender, homeworld, created, edited) VALUES (70, 'Zam Wesell', 168, 55, 'blonde', 'fair, green, yellow', 'yellow', NULL, 'female', 54, '2014-12-20T16:57:44.471000Z', '2014-12-20T21:17:50.468000Z');
INSERT INTO person (id, name, height, mass, hair_color, skin_color, eye_color, birth_year, gender, homeworld, created, edited) VALUES (71, 'Dexter Jettster', 198, 102, NULL, 'brown', 'yellow', NULL, 'male', 55, '2014-12-20T17:28:27.248000Z', '2014-12-20T21:17:50.470000Z');
INSERT INTO person (id, name, height, mass, hair_color, skin_color, eye_color, birth_year, gender, homeworld, created, edited) VALUES (72, 'Lama Su', 229, 88, NULL, 'grey', 'black', NULL, 'male', 10, '2014-12-20T17:30:50.416000Z', '2014-12-20T21:17:50.473000Z');
INSERT INTO person (id, name, height, mass, hair_color, skin_color, eye_color, birth_year, gender, homeworld, created, edited) VALUES (73, 'Taun We', 213, NULL, NULL, 'grey', 'black', NULL, 'female', 10, '2014-12-20T17:31:21.195000Z', '2014-12-20T21:17:50.474000Z');
INSERT INTO person (id, name, height, mass, hair_color, skin_color, eye_color, birth_year, gender, homeworld, created, edited) VALUES (74, 'Jocasta Nu', 167, NULL, 'white', 'fair', 'blue', NULL, 'female', 9, '2014-12-20T17:32:51.996000Z', '2014-12-20T21:17:50.476000Z');
INSERT INTO person (id, name, height, mass, hair_color, skin_color, eye_color, birth_year, gender, homeworld, created, edited) VALUES (75, 'R4-P17', 96, NULL, NULL, 'silver, red', 'red, blue', NULL, 'female', NULL, '2014-12-20T17:43:36.409000Z', '2014-12-20T21:17:50.478000Z');
INSERT INTO person (id, name, height, mass, hair_color, skin_color, eye_color, birth_year, gender, homeworld, created, edited) VALUES (76, 'Wat Tambor', 193, 48, NULL, 'green, grey', NULL, NULL, 'male', 56, '2014-12-20T17:53:52.607000Z', '2014-12-20T21:17:50.481000Z');
INSERT INTO person (id, name, height, mass, hair_color, skin_color, eye_color, birth_year, gender, homeworld, created, edited) VALUES (77, 'San Hill', 191, NULL, NULL, 'grey', 'gold', NULL, 'male', 57, '2014-12-20T17:58:17.049000Z', '2014-12-20T21:17:50.484000Z');
INSERT INTO person (id, name, height, mass, hair_color, skin_color, eye_color, birth_year, gender, homeworld, created, edited) VALUES (78, 'Shaak Ti', 178, 57, NULL, 'red, blue, white', 'black', NULL, 'female', 58, '2014-12-20T18:44:01.103000Z', '2014-12-20T21:17:50.486000Z');
INSERT INTO person (id, name, height, mass, hair_color, skin_color, eye_color, birth_year, gender, homeworld, created, edited) VALUES (79, 'Grievous', 216, 159, NULL, 'brown, white', 'green, yellow', NULL, 'male', 59, '2014-12-20T19:43:53.348000Z', '2014-12-20T21:17:50.488000Z');
INSERT INTO person (id, name, height, mass, hair_color, skin_color, eye_color, birth_year, gender, homeworld, created, edited) VALUES (80, 'Tarfful', 234, 136, 'brown', 'brown', 'blue', NULL, 'male', 14, '2014-12-20T19:46:34.209000Z', '2014-12-20T21:17:50.491000Z');
INSERT INTO person (id, name, height, mass, hair_color, skin_color, eye_color, birth_year, gender, homeworld, created, edited) VALUES (81, 'Raymus Antilles', 188, 79, 'brown', 'light', 'brown', NULL, 'male', 2, '2014-12-20T19:49:35.583000Z', '2014-12-20T21:17:50.493000Z');
INSERT INTO person (id, name, height, mass, hair_color, skin_color, eye_color, birth_year, gender, homeworld, created, edited) VALUES (82, 'Sly Moore', 178, 48, NULL, 'pale', 'white', NULL, 'female', 60, '2014-12-20T20:18:37.619000Z', '2014-12-20T21:17:50.496000Z');
INSERT INTO person (id, name, height, mass, hair_color, skin_color, eye_color, birth_year, gender, homeworld, created, edited) VALUES (83, 'Tion Medon', 206, 80, NULL, 'grey', 'black', NULL, 'male', 12, '2014-12-20T20:35:04.260000Z', '2014-12-20T21:17:50.498000Z');
INSERT INTO person (id, name, height, mass, hair_color, skin_color, eye_color, birth_year, gender, homeworld, created, edited) VALUES (84, 'Finn', NULL, NULL, 'black', 'dark', 'dark', NULL, 'male', NULL, '2015-04-17T06:52:40.793621Z', '2015-04-17T06:52:40.793674Z');
INSERT INTO person (id, name, height, mass, hair_color, skin_color, eye_color, birth_year, gender, homeworld, created, edited) VALUES (85, 'Rey', NULL, NULL, 'brown', 'light', 'hazel', NULL, 'female', NULL, '2015-04-17T06:54:01.495077Z', '2015-04-17T06:54:01.495128Z');
INSERT INTO person (id, name, height, mass, hair_color, skin_color, eye_color, birth_year, gender, homeworld, created, edited) VALUES (86, 'Poe Dameron', NULL, NULL, 'brown', 'light', 'brown', NULL, 'male', NULL, '2015-04-17T06:55:21.622786Z', '2015-04-17T06:55:21.622835Z');
INSERT INTO person (id, name, height, mass, hair_color, skin_color, eye_color, birth_year, gender, homeworld, created, edited) VALUES (87, 'BB8', NULL, NULL, NULL, NULL, 'black', NULL, NULL, NULL, '2015-04-17T06:57:38.061346Z', '2015-04-17T06:57:38.061453Z');
INSERT INTO person (id, name, height, mass, hair_color, skin_color, eye_color, birth_year, gender, homeworld, created, edited) VALUES (88, 'Captain Phasma', NULL, NULL, NULL, NULL, NULL, NULL, 'female', NULL, '2015-10-13T10:35:39.229823Z', '2015-10-13T10:35:39.229894Z');

INSERT INTO species (id, name, classification, designation, average_height, skin_colors, hair_colors, eye_colors, average_lifespan, homeworld, language, created, edited) VALUES (1, 'Human', 'mammal', 'sentient', 180, 'caucasian, black, asian, hispanic', 'blonde, brown, black, red', 'brown, blue, green, hazel, grey, amber', 120, 9, 'Galactic Basic', '2014-12-10T13:52:11.567000Z', '2015-04-17T06:59:55.850671Z');
INSERT INTO species (id, name, classification, designation, average_height, skin_colors, hair_colors, eye_colors, average_lifespan, homeworld, language, created, edited) VALUES (2, 'Droid', 'artificial', 'sentient', NULL, NULL, NULL, NULL, NULL, NULL, NULL, '2014-12-10T15:16:16.259000Z', '2015-04-17T06:59:43.869528Z');
INSERT INTO species (id, name, classification, designation, average_height, skin_colors, hair_colors, eye_colors, average_lifespan, homeworld, language, created, edited) VALUES (3, 'Wookiee', 'mammal', 'sentient', 210, 'gray', 'black, brown', 'blue, green, yellow, brown, golden, red', 400, 14, 'Shyriiwook', '2014-12-10T16:44:31.486000Z', '2015-01-30T21:23:03.074598Z');
INSERT INTO species (id, name, classification, designation, average_height, skin_colors, hair_colors, eye_colors, average_lifespan, homeworld, language, created, edited) VALUES (4, 'Rodian', 'sentient', 'reptilian', 170, 'green, blue', NULL, 'black', NULL, 23, 'Galactic Basic', '2014-12-10T17:05:26.471000Z', '2016-07-19T13:27:03.156498Z');
INSERT INTO species (id, name, classification, designation, average_height, skin_colors, hair_colors, eye_colors, average_lifespan, homeworld, language, created, edited) VALUES (5, 'Hutt', 'gastropod', 'sentient', 300, 'green, brown, tan', NULL, 'yellow, red', 1000, 24, 'Huttese', '2014-12-10T17:12:50.410000Z', '2014-12-20T21:36:42.146000Z');
INSERT INTO species (id, name, classification, designation, average_height, skin_colors, hair_colors, eye_colors, average_lifespan, homeworld, language, created, edited) VALUES (6, 'Yoda''s species', 'mammal', 'sentient', 66, 'green, yellow', 'brown, white', 'brown, green, yellow', 900, NULL, 'Galactic basic', '2014-12-15T12:27:22.877000Z', '2014-12-20T21:36:42.148000Z');
INSERT INTO species (id, name, classification, designation, average_height, skin_colors, hair_colors, eye_colors, average_lifespan, homeworld, language, created, edited) VALUES (7, 'Trandoshan', 'reptile', 'sentient', 200, 'brown, green', NULL, 'yellow, orange', NULL, 29, 'Dosh', '2014-12-15T13:07:47.704000Z', '2014-12-20T21:36:42.151000Z');
INSERT INTO species (id, name, classification, designation, average_height, skin_colors, hair_colors, eye_colors, average_lifespan, homeworld, language, created, edited) VALUES (8, 'Mon Calamari', 'amphibian', 'sentient', 160, 'red, blue, brown, magenta', NULL, 'yellow', NULL, 31, 'Mon Calamarian', '2014-12-18T11:09:52.263000Z', '2014-12-20T21:36:42.153000Z');
INSERT INTO species (id, name, classification, designation, average_height, skin_colors, hair_colors, eye_colors, average_lifespan, homeworld, language, created, edited) VALUES (9, 'Ewok', 'mammal', 'sentient', 100, 'brown', 'white, brown, black', 'orange, brown', NULL, 7, 'Ewokese', '2014-12-18T11:22:00.285000Z', '2014-12-20T21:36:42.155000Z');
INSERT INTO species (id, name, classification, designation, average_height, skin_colors, hair_colors, eye_colors, average_lifespan, homeworld, language, created, edited) VALUES (10, 'Sullustan', 'mammal', 'sentient', 180, 'pale', NULL, 'black', NULL, 33, 'Sullutese', '2014-12-18T11:26:20.103000Z', '2014-12-20T21:36:42.157000Z');
INSERT INTO species (id, name, classification, designation, average_height, skin_colors, hair_colors, eye_colors, average_lifespan, homeworld, language, created, edited) VALUES (11, 'Neimodian', NULL, 'sentient', 180, 'grey, green', NULL, 'red, pink', NULL, 18, 'Neimoidia', '2014-12-19T17:07:31.319000Z', '2014-12-20T21:36:42.160000Z');
INSERT INTO species (id, name, classification, designation, average_height, skin_colors, hair_colors, eye_colors, average_lifespan, homeworld, language, created, edited) VALUES (12, 'Gungan', 'amphibian', 'sentient', 190, 'brown, green', NULL, 'orange', NULL, 8, 'Gungan basic', '2014-12-19T17:30:37.341000Z', '2014-12-20T21:36:42.163000Z');
INSERT INTO species (id, name, classification, designation, average_height, skin_colors, hair_colors, eye_colors, average_lifespan, homeworld, language, created, edited) VALUES (13, 'Toydarian', 'mammal', 'sentient', 120, 'blue, green, grey', NULL, 'yellow', 91, 34, 'Toydarian', '2014-12-19T17:48:56.893000Z', '2014-12-20T21:36:42.165000Z');
INSERT INTO species (id, name, classification, designation, average_height, skin_colors, hair_colors, eye_colors, average_lifespan, homeworld, language, created, edited) VALUES (14, 'Dug', 'mammal', 'sentient', 100, 'brown, purple, grey, red', NULL, 'yellow, blue', NULL, 35, 'Dugese', '2014-12-19T17:53:11.214000Z', '2014-12-20T21:36:42.167000Z');
INSERT INTO species (id, name, classification, designation, average_height, skin_colors, hair_colors, eye_colors, average_lifespan, homeworld, language, created, edited) VALUES (15, 'Twi''lek', 'mammals', 'sentient', 200, 'orange, yellow, blue, green, pink, purple, tan', NULL, 'blue, brown, orange, pink', NULL, 37, 'Twi''leki', '2014-12-20T09:48:02.406000Z', '2014-12-20T21:36:42.169000Z');
INSERT INTO species (id, name, classification, designation, average_height, skin_colors, hair_colors, eye_colors, average_lifespan, homeworld, language, created, edited) VALUES (16, 'Aleena', 'reptile', 'sentient', 80, 'blue, gray', NULL, NULL, 79, 38, 'Aleena', '2014-12-20T09:53:16.481000Z', '2014-12-20T21:36:42.171000Z');
INSERT INTO species (id, name, classification, designation, average_height, skin_colors, hair_colors, eye_colors, average_lifespan, homeworld, language, created, edited) VALUES (17, 'Vulptereen', NULL, 'sentient', 100, 'grey', NULL, 'yellow', NULL, 39, 'vulpterish', '2014-12-20T09:57:33.128000Z', '2014-12-20T21:36:42.173000Z');
INSERT INTO species (id, name, classification, designation, average_height, skin_colors, hair_colors, eye_colors, average_lifespan, homeworld, language, created, edited) VALUES (18, 'Xexto', NULL, 'sentient', 125, 'grey, yellow, purple', NULL, 'black', NULL, 40, 'Xextese', '2014-12-20T10:02:13.915000Z', '2014-12-20T21:36:42.175000Z');
INSERT INTO species (id, name, classification, designation, average_height, skin_colors, hair_colors, eye_colors, average_lifespan, homeworld, language, created, edited) VALUES (19, 'Toong', NULL, 'sentient', 200, 'grey, green, yellow', NULL, 'orange', NULL, 41, 'Tundan', '2014-12-20T10:08:36.795000Z', '2014-12-20T21:36:42.177000Z');
INSERT INTO species (id, name, classification, designation, average_height, skin_colors, hair_colors, eye_colors, average_lifespan, homeworld, language, created, edited) VALUES (20, 'Cerean', 'mammal', 'sentient', 200, 'pale pink', 'red, blond, black, white', 'hazel', NULL, 43, 'Cerean', '2014-12-20T10:15:33.765000Z', '2014-12-20T21:36:42.179000Z');
INSERT INTO species (id, name, classification, designation, average_height, skin_colors, hair_colors, eye_colors, average_lifespan, homeworld, language, created, edited) VALUES (21, 'Nautolan', 'amphibian', 'sentient', 180, 'green, blue, brown, red', NULL, 'black', 70, 44, 'Nautila', '2014-12-20T10:18:58.610000Z', '2014-12-20T21:36:42.181000Z');
INSERT INTO species (id, name, classification, designation, average_height, skin_colors, hair_colors, eye_colors, average_lifespan, homeworld, language, created, edited) VALUES (22, 'Zabrak', 'mammal', 'sentient', 180, 'pale, brown, red, orange, yellow', 'black', 'brown, orange', NULL, 45, 'Zabraki', '2014-12-20T10:26:59.894000Z', '2014-12-20T21:36:42.183000Z');
INSERT INTO species (id, name, classification, designation, average_height, skin_colors, hair_colors, eye_colors, average_lifespan, homeworld, language, created, edited) VALUES (23, 'Tholothian', 'mammal', 'sentient', NULL, 'dark', NULL, 'blue, indigo', NULL, 46, NULL, '2014-12-20T10:29:13.798000Z', '2014-12-20T21:36:42.186000Z');
INSERT INTO species (id, name, classification, designation, average_height, skin_colors, hair_colors, eye_colors, average_lifespan, homeworld, language, created, edited) VALUES (24, 'Iktotchi', NULL, 'sentient', 180, 'pink', NULL, 'orange', NULL, 47, 'Iktotchese', '2014-12-20T10:32:13.046000Z', '2014-12-20T21:36:42.188000Z');
INSERT INTO species (id, name, classification, designation, average_height, skin_colors, hair_colors, eye_colors, average_lifespan, homeworld, language, created, edited) VALUES (25, 'Quermian', 'mammal', 'sentient', 240, 'white', NULL, 'yellow', 86, 48, 'Quermian', '2014-12-20T10:34:50.827000Z', '2014-12-20T21:36:42.189000Z');
INSERT INTO species (id, name, classification, designation, average_height, skin_colors, hair_colors, eye_colors, average_lifespan, homeworld, language, created, edited) VALUES (26, 'Kel Dor', NULL, 'sentient', 180, 'peach, orange, red', NULL, 'black, silver', 70, 49, 'Kel Dor', '2014-12-20T10:49:21.692000Z', '2014-12-20T21:36:42.191000Z');
INSERT INTO species (id, name, classification, designation, average_height, skin_colors, hair_colors, eye_colors, average_lifespan, homeworld, language, created, edited) VALUES (27, 'Chagrian', 'amphibian', 'sentient', 190, 'blue', NULL, 'blue', NULL, 50, 'Chagria', '2014-12-20T10:53:28.795000Z', '2014-12-20T21:36:42.193000Z');
INSERT INTO species (id, name, classification, designation, average_height, skin_colors, hair_colors, eye_colors, average_lifespan, homeworld, language, created, edited) VALUES (28, 'Geonosian', 'insectoid', 'sentient', 178, 'green, brown', NULL, 'green, hazel', NULL, 11, 'Geonosian', '2014-12-20T16:40:45.618000Z', '2014-12-20T21:36:42.195000Z');
INSERT INTO species (id, name, classification, designation, average_height, skin_colors, hair_colors, eye_colors, average_lifespan, homeworld, language, created, edited) VALUES (29, 'Mirialan', 'mammal', 'sentient', 180, 'yellow, green', 'black, brown', 'blue, green, red, yellow, brown, orange', NULL, 51, 'Mirialan', '2014-12-20T16:46:48.290000Z', '2014-12-20T21:36:42.197000Z');
INSERT INTO species (id, name, classification, designation, average_height, skin_colors, hair_colors, eye_colors, average_lifespan, homeworld, language, created, edited) VALUES (30, 'Clawdite', 'reptilian', 'sentient', 180, 'green, yellow', NULL, 'yellow', 70, 54, 'Clawdite', '2014-12-20T16:57:46.171000Z', '2014-12-20T21:36:42.199000Z');
INSERT INTO species (id, name, classification, designation, average_height, skin_colors, hair_colors, eye_colors, average_lifespan, homeworld, language, created, edited) VALUES (31, 'Besalisk', 'amphibian', 'sentient', 178, 'brown', NULL, 'yellow', 75, 55, 'besalisk', '2014-12-20T17:28:28.821000Z', '2014-12-20T21:36:42.200000Z');
INSERT INTO species (id, name, classification, designation, average_height, skin_colors, hair_colors, eye_colors, average_lifespan, homeworld, language, created, edited) VALUES (32, 'Kaminoan', 'amphibian', 'sentient', 220, 'grey, blue', NULL, 'black', 80, 10, 'Kaminoan', '2014-12-20T17:31:24.838000Z', '2014-12-20T21:36:42.202000Z');
INSERT INTO species (id, name, classification, designation, average_height, skin_colors, hair_colors, eye_colors, average_lifespan, homeworld, language, created, edited) VALUES (33, 'Skakoan', 'mammal', 'sentient', NULL, 'grey, green', NULL, NULL, NULL, 56, 'Skakoan', '2014-12-20T17:53:54.515000Z', '2014-12-20T21:36:42.204000Z');
INSERT INTO species (id, name, classification, designation, average_height, skin_colors, hair_colors, eye_colors, average_lifespan, homeworld, language, created, edited) VALUES (34, 'Muun', 'mammal', 'sentient', 190, 'grey, white', NULL, 'black', 100, 57, 'Muun', '2014-12-20T17:58:19.088000Z', '2014-12-20T21:36:42.207000Z');
INSERT INTO species (id, name, classification, designation, average_height, skin_colors, hair_colors, eye_colors, average_lifespan, homeworld, language, created, edited) VALUES (35, 'Togruta', 'mammal', 'sentient', 180, 'red, white, orange, yellow, green, blue', NULL, 'red, orange, yellow, green, blue, black', 94, 58, 'Togruti', '2014-12-20T18:44:03.246000Z', '2014-12-20T21:36:42.209000Z');
INSERT INTO species (id, name, classification, designation, average_height, skin_colors, hair_colors, eye_colors, average_lifespan, homeworld, language, created, edited) VALUES (36, 'Kaleesh', 'reptile', 'sentient', 170, 'brown, orange, tan', NULL, 'yellow', 80, 59, 'Kaleesh', '2014-12-20T19:45:42.537000Z', '2014-12-20T21:36:42.210000Z');
INSERT INTO species (id, name, classification, designation, average_height, skin_colors, hair_colors, eye_colors, average_lifespan, homeworld, language, created, edited) VALUES (37, 'Pau''an', 'mammal', 'sentient', 190, 'grey', NULL, 'black', 700, 12, 'Utapese', '2014-12-20T20:35:06.777000Z', '2014-12-20T21:36:42.212000Z');

INSERT INTO species_person (species_id, person_id) VALUES (1, 1);
INSERT INTO species_person (species_id, person_id) VALUES (1, 4);
INSERT INTO species_person (species_id, person_id) VALUES (1, 5);
INSERT INTO species_person (species_id, person_id) VALUES (1, 6);
INSERT INTO species_person (species_id, person_id) VALUES (1, 7);
INSERT INTO species_person (species_id, person_id) VALUES (1, 9);
INSERT INTO species_person (species_id, person_id) VALUES (1, 10);
INSERT INTO species_person (species_id, person_id) VALUES (1, 11);
INSERT INTO species_person (species_id, person_id) VALUES (1, 12);
INSERT INTO species_person (species_id, person_id) VALUES (1, 14);
INSERT INTO species_person (species_id, person_id) VALUES (1, 18);
INSERT INTO species_person (species_id, person_id) VALUES (1, 19);
INSERT INTO species_person (species_id, person_id) VALUES (1, 21);
INSERT INTO species_person (species_id, person_id) VALUES (1, 22);
INSERT INTO species_person (species_id, person_id) VALUES (1, 25);
INSERT INTO species_person (species_id, person_id) VALUES (1, 26);
INSERT INTO species_person (species_id, person_id) VALUES (1, 28);
INSERT INTO species_person (species_id, person_id) VALUES (1, 29);
INSERT INTO species_person (species_id, person_id) VALUES (1, 32);
INSERT INTO species_person (species_id, person_id) VALUES (1, 34);
INSERT INTO species_person (species_id, person_id) VALUES (1, 43);
INSERT INTO species_person (species_id, person_id) VALUES (1, 51);
INSERT INTO species_person (species_id, person_id) VALUES (1, 60);
INSERT INTO species_person (species_id, person_id) VALUES (1, 61);
INSERT INTO species_person (species_id, person_id) VALUES (1, 62);
INSERT INTO species_person (species_id, person_id) VALUES (1, 66);
INSERT INTO species_person (species_id, person_id) VALUES (1, 67);
INSERT INTO species_person (species_id, person_id) VALUES (1, 68);
INSERT INTO species_person (species_id, person_id) VALUES (1, 69);
INSERT INTO species_person (species_id, person_id) VALUES (1, 74);
INSERT INTO species_person (species_id, person_id) VALUES (1, 81);
INSERT INTO species_person (species_id, person_id) VALUES (1, 84);
INSERT INTO species_person (species_id, person_id) VALUES (1, 85);
INSERT INTO species_person (species_id, person_id) VALUES (1, 86);
INSERT INTO species_person (species_id, person_id) VALUES (1, 35);
INSERT INTO species_person (species_id, person_id) VALUES (2, 2);
INSERT INTO species_person (species_id, person_id) VALUES (2, 3);
INSERT INTO species_person (species_id, person_id) VALUES (2, 8);
INSERT INTO species_person (species_id, person_id) VALUES (2, 23);
INSERT INTO species_person (species_id, person_id) VALUES (2, 87);
INSERT INTO species_person (species_id, person_id) VALUES (3, 13);
INSERT INTO species_person (species_id, person_id) VALUES (3, 80);
INSERT INTO species_person (species_id, person_id) VALUES (4, 15);
INSERT INTO species_person (species_id, person_id) VALUES (5, 16);
INSERT INTO species_person (species_id, person_id) VALUES (6, 20);
INSERT INTO species_person (species_id, person_id) VALUES (7, 24);
INSERT INTO species_person (species_id, person_id) VALUES (8, 27);
INSERT INTO species_person (species_id, person_id) VALUES (9, 30);
INSERT INTO species_person (species_id, person_id) VALUES (10, 31);
INSERT INTO species_person (species_id, person_id) VALUES (11, 33);
INSERT INTO species_person (species_id, person_id) VALUES (12, 36);
INSERT INTO species_person (species_id, person_id) VALUES (12, 37);
INSERT INTO species_person (species_id, person_id) VALUES (12, 38);
INSERT INTO species_person (species_id, person_id) VALUES (13, 40);
INSERT INTO species_person (species_id, person_id) VALUES (14, 41);
INSERT INTO species_person (species_id, person_id) VALUES (15, 45);
INSERT INTO species_person (species_id, person_id) VALUES (15, 46);
INSERT INTO species_person (species_id, person_id) VALUES (16, 47);
INSERT INTO species_person (species_id, person_id) VALUES (17, 48);
INSERT INTO species_person (species_id, person_id) VALUES (18, 49);
INSERT INTO species_person (species_id, person_id) VALUES (19, 50);
INSERT INTO species_person (species_id, person_id) VALUES (20, 52);
INSERT INTO species_person (species_id, person_id) VALUES (21, 53);
INSERT INTO species_person (species_id, person_id) VALUES (22, 44);
INSERT INTO species_person (species_id, person_id) VALUES (22, 54);
INSERT INTO species_person (species_id, person_id) VALUES (23, 55);
INSERT INTO species_person (species_id, person_id) VALUES (24, 56);
INSERT INTO species_person (species_id, person_id) VALUES (25, 57);
INSERT INTO species_person (species_id, person_id) VALUES (26, 58);
INSERT INTO species_person (species_id, person_id) VALUES (27, 59);
INSERT INTO species_person (species_id, person_id) VALUES (28, 63);
INSERT INTO species_person (species_id, person_id) VALUES (29, 64);
INSERT INTO species_person (species_id, person_id) VALUES (29, 65);
INSERT INTO species_person (species_id, person_id) VALUES (30, 70);
INSERT INTO species_person (species_id, person_id) VALUES (31, 71);
INSERT INTO species_person (species_id, person_id) VALUES (32, 72);
INSERT INTO species_person (species_id, person_id) VALUES (32, 73);
INSERT INTO species_person (species_id, person_id) VALUES (33, 76);
INSERT INTO species_person (species_id, person_id) VALUES (34, 77);
INSERT INTO species_person (species_id, person_id) VALUES (35, 78);
INSERT INTO species_person (species_id, person_id) VALUES (36, 79);
INSERT INTO species_person (species_id, person_id) VALUES (37, 83);

INSERT INTO vehicle (id, name, model, manufacturer, cost_in_credits, length, max_atmosphering_speed, crew, passengers, cargo_capacity, consumables, vehicle_class, created, edited) VALUES (4, 'Sand Crawler', 'Digger Crawler', 'Corellia Mining Corporation', 150000, 36.8, 30, 46, 30, 50000, '2 months', 'wheeled', '2014-12-10T15:36:25.724000Z', '2014-12-22T18:21:15.523587Z');
INSERT INTO vehicle (id, name, model, manufacturer, cost_in_credits, length, max_atmosphering_speed, crew, passengers, cargo_capacity, consumables, vehicle_class, created, edited) VALUES (6, 'T-16 skyhopper', 'T-16 skyhopper', 'Incom Corporation', 14500, 10.4, 1200, 1, 1, 50, '0', 'repulsorcraft', '2014-12-10T16:01:52.434000Z', '2014-12-22T18:21:15.552614Z');
INSERT INTO vehicle (id, name, model, manufacturer, cost_in_credits, length, max_atmosphering_speed, crew, passengers, cargo_capacity, consumables, vehicle_class, created, edited) VALUES (7, 'X-34 landspeeder', 'X-34 landspeeder', 'SoroSuub Corporation', 10550, 3.4, 250, 1, 1, 5, NULL, 'repulsorcraft', '2014-12-10T16:13:52.586000Z', '2014-12-22T18:21:15.583700Z');
INSERT INTO vehicle (id, name, model, manufacturer, cost_in_credits, length, max_atmosphering_speed, crew, passengers, cargo_capacity, consumables, vehicle_class, created, edited) VALUES (8, 'TIE/LN starfighter', 'Twin Ion Engine/Ln Starfighter', 'Sienar Fleet Systems', NULL, 6.4, 1200, 1, 0, 65, '2 days', 'starfighter', '2014-12-10T16:33:52.860000Z', '2014-12-22T18:21:15.606149Z');
INSERT INTO vehicle (id, name, model, manufacturer, cost_in_credits, length, max_atmosphering_speed, crew, passengers, cargo_capacity, consumables, vehicle_class, created, edited) VALUES (14, 'Snowspeeder', 't-47 airspeeder', 'Incom corporation', NULL, 4.5, 650, 2, 0, 10, NULL, 'airspeeder', '2014-12-15T12:22:12Z', '2014-12-22T18:21:15.623033Z');
INSERT INTO vehicle (id, name, model, manufacturer, cost_in_credits, length, max_atmosphering_speed, crew, passengers, cargo_capacity, consumables, vehicle_class, created, edited) VALUES (16, 'TIE bomber', 'TIE/sa bomber', 'Sienar Fleet Systems', NULL, 7.8, 850, 1, 0, NULL, '2 days', 'space/planetary bomber', '2014-12-15T12:33:15.838000Z', '2014-12-22T18:21:15.667730Z');
INSERT INTO vehicle (id, name, model, manufacturer, cost_in_credits, length, max_atmosphering_speed, crew, passengers, cargo_capacity, consumables, vehicle_class, created, edited) VALUES (18, 'AT-AT', 'All Terrain Armored Transport', 'Kuat Drive Yards, Imperial Department of Military Research', NULL, 20, 60, 5, 40, 1000, NULL, 'assault walker', '2014-12-15T12:38:25.937000Z', '2014-12-22T18:21:15.714673Z');
INSERT INTO vehicle (id, name, model, manufacturer, cost_in_credits, length, max_atmosphering_speed, crew, passengers, cargo_capacity, consumables, vehicle_class, created, edited) VALUES (19, 'AT-ST', 'All Terrain Scout Transport', 'Kuat Drive Yards, Imperial Department of Military Research', NULL, 2, 90, 2, 0, 200, NULL, 'walker', '2014-12-15T12:46:42.384000Z', '2014-12-22T18:21:15.761584Z');
INSERT INTO vehicle (id, name, model, manufacturer, cost_in_credits, length, max_atmosphering_speed, crew, passengers, cargo_capacity, consumables, vehicle_class, created, edited) VALUES (20, 'Storm IV Twin-Pod cloud car', 'Storm IV Twin-Pod', 'Bespin Motors', 75000, 7, 1500, 2, 0, 10, '1 day', 'repulsorcraft', '2014-12-15T12:58:50.530000Z', '2014-12-22T18:21:15.783232Z');
INSERT INTO vehicle (id, name, model, manufacturer, cost_in_credits, length, max_atmosphering_speed, crew, passengers, cargo_capacity, consumables, vehicle_class, created, edited) VALUES (24, 'Sail barge', 'Modified Luxury Sail Barge', 'Ubrikkian Industries Custom Vehicle Division', 285000, 30, 100, 26, 500, 2000000, 'Live food tanks', 'sail barge', '2014-12-18T10:44:14.217000Z', '2014-12-22T18:21:15.807906Z');
INSERT INTO vehicle (id, name, model, manufacturer, cost_in_credits, length, max_atmosphering_speed, crew, passengers, cargo_capacity, consumables, vehicle_class, created, edited) VALUES (25, 'Bantha-II cargo skiff', 'Bantha-II', 'Ubrikkian Industries', 8000, 9.5, 250, 5, 16, 135000, '1 day', 'repulsorcraft cargo skiff', '2014-12-18T10:48:03.208000Z', '2014-12-22T18:21:15.845988Z');
INSERT INTO vehicle (id, name, model, manufacturer, cost_in_credits, length, max_atmosphering_speed, crew, passengers, cargo_capacity, consumables, vehicle_class, created, edited) VALUES (26, 'TIE/IN interceptor', 'Twin Ion Engine Interceptor', 'Sienar Fleet Systems', NULL, 9.6, 1250, 1, 0, 75, '2 days', 'starfighter', '2014-12-18T10:50:28.225000Z', '2014-12-22T18:21:15.882388Z');
INSERT INTO vehicle (id, name, model, manufacturer, cost_in_credits, length, max_atmosphering_speed, crew, passengers, cargo_capacity, consumables, vehicle_class, created, edited) VALUES (30, 'Imperial Speeder Bike', '74-Z speeder bike', 'Aratech Repulsor Company', 8000, 3, 360, 1, 1, 4, '1 day', 'speeder', '2014-12-18T11:20:04.625000Z', '2014-12-22T18:21:15.920537Z');
INSERT INTO vehicle (id, name, model, manufacturer, cost_in_credits, length, max_atmosphering_speed, crew, passengers, cargo_capacity, consumables, vehicle_class, created, edited) VALUES (33, 'Vulture Droid', 'Vulture-class droid starfighter', 'Haor Chall Engineering, Baktoid Armor Workshop', NULL, 3.5, 1200, 0, 0, 0, NULL, 'starfighter', '2014-12-19T17:09:53.584000Z', '2014-12-22T18:21:15.953870Z');
INSERT INTO vehicle (id, name, model, manufacturer, cost_in_credits, length, max_atmosphering_speed, crew, passengers, cargo_capacity, consumables, vehicle_class, created, edited) VALUES (34, 'Multi-Troop Transport', 'Multi-Troop Transport', 'Baktoid Armor Workshop', 138000, 31, 35, 4, 112, 12000, NULL, 'repulsorcraft', '2014-12-19T17:12:04.400000Z', '2014-12-22T18:21:15.975171Z');
INSERT INTO vehicle (id, name, model, manufacturer, cost_in_credits, length, max_atmosphering_speed, crew, passengers, cargo_capacity, consumables, vehicle_class, created, edited) VALUES (35, 'Armored Assault Tank', 'Armoured Assault Tank', 'Baktoid Armor Workshop', NULL, 9.75, 55, 4, 6, NULL, NULL, 'repulsorcraft', '2014-12-19T17:13:29.799000Z', '2014-12-22T18:21:15.984817Z');
INSERT INTO vehicle (id, name, model, manufacturer, cost_in_credits, length, max_atmosphering_speed, crew, passengers, cargo_capacity, consumables, vehicle_class, created, edited) VALUES (36, 'Single Trooper Aerial Platform', 'Single Trooper Aerial Platform', 'Baktoid Armor Workshop', 2500, 2, 400, 1, 0, NULL, NULL, 'repulsorcraft', '2014-12-19T17:15:09.511000Z', '2014-12-22T18:21:16.008594Z');
INSERT INTO vehicle (id, name, model, manufacturer, cost_in_credits, length, max_atmosphering_speed, crew, passengers, cargo_capacity, consumables, vehicle_class, created, edited) VALUES (37, 'C-9979 landing craft', 'C-9979 landing craft', 'Haor Chall Engineering', 200000, 210, 587, 140, 284, 1800000, '1 day', 'landing craft', '2014-12-19T17:20:36.373000Z', '2014-12-22T18:21:16.033738Z');
INSERT INTO vehicle (id, name, model, manufacturer, cost_in_credits, length, max_atmosphering_speed, crew, passengers, cargo_capacity, consumables, vehicle_class, created, edited) VALUES (38, 'Tribubble bongo', 'Tribubble bongo', 'Otoh Gunga Bongameken Cooperative', NULL, 15, 85, 1, 2, 1600, NULL, 'submarine', '2014-12-19T17:37:37.924000Z', '2014-12-22T18:21:16.072083Z');
INSERT INTO vehicle (id, name, model, manufacturer, cost_in_credits, length, max_atmosphering_speed, crew, passengers, cargo_capacity, consumables, vehicle_class, created, edited) VALUES (42, 'Sith speeder', 'FC-20 speeder bike', 'Razalon', 4000, 1.5, 180, 1, 0, 2, NULL, 'speeder', '2014-12-20T10:09:56.095000Z', '2014-12-22T18:21:16.095041Z');
INSERT INTO vehicle (id, name, model, manufacturer, cost_in_credits, length, max_atmosphering_speed, crew, passengers, cargo_capacity, consumables, vehicle_class, created, edited) VALUES (44, 'Zephyr-G swoop bike', 'Zephyr-G swoop bike', 'Mobquet Swoops and Speeders', 5750, 3.68, 350, 1, 1, 200, NULL, 'repulsorcraft', '2014-12-20T16:24:16.026000Z', '2014-12-22T18:21:16.117652Z');
INSERT INTO vehicle (id, name, model, manufacturer, cost_in_credits, length, max_atmosphering_speed, crew, passengers, cargo_capacity, consumables, vehicle_class, created, edited) VALUES (45, 'Koro-2 Exodrive airspeeder', 'Koro-2 Exodrive airspeeder', 'Desler Gizh Outworld Mobility Corporation', NULL, 6.6, 800, 1, 1, 80, NULL, 'airspeeder', '2014-12-20T17:17:33.526000Z', '2014-12-22T18:21:16.140018Z');
INSERT INTO vehicle (id, name, model, manufacturer, cost_in_credits, length, max_atmosphering_speed, crew, passengers, cargo_capacity, consumables, vehicle_class, created, edited) VALUES (46, 'XJ-6 airspeeder', 'XJ-6 airspeeder', 'Narglatch AirTech prefabricated kit', NULL, 6.23, 720, 1, 1, NULL, NULL, 'airspeeder', '2014-12-20T17:19:19.991000Z', '2014-12-22T18:21:16.150194Z');
INSERT INTO vehicle (id, name, model, manufacturer, cost_in_credits, length, max_atmosphering_speed, crew, passengers, cargo_capacity, consumables, vehicle_class, created, edited) VALUES (50, 'LAAT/i', 'Low Altitude Assault Transport/infrantry', 'Rothana Heavy Engineering', NULL, 17.4, 620, 6, 30, 170, NULL, 'gunship', '2014-12-20T18:01:21.014000Z', '2014-12-22T18:21:16.181363Z');
INSERT INTO vehicle (id, name, model, manufacturer, cost_in_credits, length, max_atmosphering_speed, crew, passengers, cargo_capacity, consumables, vehicle_class, created, edited) VALUES (51, 'LAAT/c', 'Low Altitude Assault Transport/carrier', 'Rothana Heavy Engineering', NULL, 28.82, 620, 1, 0, 40000, NULL, 'gunship', '2014-12-20T18:02:46.802000Z', '2014-12-22T18:21:16.229733Z');
INSERT INTO vehicle (id, name, model, manufacturer, cost_in_credits, length, max_atmosphering_speed, crew, passengers, cargo_capacity, consumables, vehicle_class, created, edited) VALUES (53, 'AT-TE', 'All Terrain Tactical Enforcer', 'Rothana Heavy Engineering, Kuat Drive Yards', NULL, 13.2, 60, 6, 36, 10000, '21 days', 'walker', '2014-12-20T18:10:07.560000Z', '2014-12-22T18:21:16.293771Z');
INSERT INTO vehicle (id, name, model, manufacturer, cost_in_credits, length, max_atmosphering_speed, crew, passengers, cargo_capacity, consumables, vehicle_class, created, edited) VALUES (54, 'SPHA', 'Self-Propelled Heavy Artillery', 'Rothana Heavy Engineering', NULL, 140, 35, 25, 30, 500, '7 days', 'walker', '2014-12-20T18:12:32.315000Z', '2014-12-22T18:21:16.311761Z');
INSERT INTO vehicle (id, name, model, manufacturer, cost_in_credits, length, max_atmosphering_speed, crew, passengers, cargo_capacity, consumables, vehicle_class, created, edited) VALUES (55, 'Flitknot speeder', 'Flitknot speeder', 'Huppla Pasa Tisc Shipwrights Collective', 8000, 2, 634, 1, 0, NULL, NULL, 'speeder', '2014-12-20T18:15:20.312000Z', '2014-12-22T18:21:16.335005Z');
INSERT INTO vehicle (id, name, model, manufacturer, cost_in_credits, length, max_atmosphering_speed, crew, passengers, cargo_capacity, consumables, vehicle_class, created, edited) VALUES (56, 'Neimoidian shuttle', 'Sheathipede-class transport shuttle', 'Haor Chall Engineering', NULL, 20, 880, 2, 6, 1000, '7 days', 'transport', '2014-12-20T18:25:44.912000Z', '2014-12-22T18:21:16.366134Z');
INSERT INTO vehicle (id, name, model, manufacturer, cost_in_credits, length, max_atmosphering_speed, crew, passengers, cargo_capacity, consumables, vehicle_class, created, edited) VALUES (57, 'Geonosian starfighter', 'Nantex-class territorial defense', 'Huppla Pasa Tisc Shipwrights Collective', NULL, 9.8, 20000, 1, 0, NULL, NULL, 'starfighter', '2014-12-20T18:34:12.541000Z', '2014-12-22T18:21:16.390980Z');
INSERT INTO vehicle (id, name, model, manufacturer, cost_in_credits, length, max_atmosphering_speed, crew, passengers, cargo_capacity, consumables, vehicle_class, created, edited) VALUES (60, 'Tsmeu-6 personal wheel bike', 'Tsmeu-6 personal wheel bike', 'Z-Gomot Ternbuell Guppat Corporation', 15000, 3.5, 330, 1, 1, 10, NULL, 'wheeled walker', '2014-12-20T19:43:54.870000Z', '2014-12-22T18:21:16.422662Z');
INSERT INTO vehicle (id, name, model, manufacturer, cost_in_credits, length, max_atmosphering_speed, crew, passengers, cargo_capacity, consumables, vehicle_class, created, edited) VALUES (62, 'Emergency Firespeeder', 'Fire suppression speeder', NULL, NULL, NULL, NULL, 2, NULL, NULL, NULL, 'fire suppression ship', '2014-12-20T19:50:58.559000Z', '2014-12-22T18:21:16.450655Z');
INSERT INTO vehicle (id, name, model, manufacturer, cost_in_credits, length, max_atmosphering_speed, crew, passengers, cargo_capacity, consumables, vehicle_class, created, edited) VALUES (67, 'Droid tri-fighter', 'tri-fighter', 'Colla Designs, Phlac-Arphocc Automata Industries', 20000, 5.4, 1180, 1, 0, 0, NULL, 'droid starfighter', '2014-12-20T20:05:19.992000Z', '2014-12-22T18:21:16.478901Z');
INSERT INTO vehicle (id, name, model, manufacturer, cost_in_credits, length, max_atmosphering_speed, crew, passengers, cargo_capacity, consumables, vehicle_class, created, edited) VALUES (69, 'Oevvaor jet catamaran', 'Oevvaor jet catamaran', 'Appazanna Engineering Works', 12125, 15.1, 420, 2, 2, 50, '3 days', 'airspeeder', '2014-12-20T20:20:53.931000Z', '2014-12-22T18:21:16.517049Z');
INSERT INTO vehicle (id, name, model, manufacturer, cost_in_credits, length, max_atmosphering_speed, crew, passengers, cargo_capacity, consumables, vehicle_class, created, edited) VALUES (70, 'Raddaugh Gnasp fluttercraft', 'Raddaugh Gnasp fluttercraft', 'Appazanna Engineering Works', 14750, 7, 310, 2, 0, 20, NULL, 'air speeder', '2014-12-20T20:21:55.648000Z', '2014-12-22T18:21:16.547708Z');
INSERT INTO vehicle (id, name, model, manufacturer, cost_in_credits, length, max_atmosphering_speed, crew, passengers, cargo_capacity, consumables, vehicle_class, created, edited) VALUES (71, 'Clone turbo tank', 'HAVw A6 Juggernaut', 'Kuat Drive Yards', 350000, 49.4, 160, 20, 300, 30000, '20 days', 'wheeled walker', '2014-12-20T20:24:45.587000Z', '2014-12-22T18:21:16.571079Z');
INSERT INTO vehicle (id, name, model, manufacturer, cost_in_credits, length, max_atmosphering_speed, crew, passengers, cargo_capacity, consumables, vehicle_class, created, edited) VALUES (72, 'Corporate Alliance tank droid', 'NR-N99 Persuader-class droid enforcer', 'Techno Union', 49000, 10.96, 100, 0, 4, NULL, NULL, 'droid tank', '2014-12-20T20:26:55.522000Z', '2014-12-22T18:21:16.612902Z');
INSERT INTO vehicle (id, name, model, manufacturer, cost_in_credits, length, max_atmosphering_speed, crew, passengers, cargo_capacity, consumables, vehicle_class, created, edited) VALUES (73, 'Droid gunship', 'HMP droid gunship', 'Baktoid Fleet Ordnance, Haor Chall Engineering', 60000, 12.3, 820, 0, 0, 0, NULL, 'airspeeder', '2014-12-20T20:32:05.687000Z', '2014-12-22T18:21:16.643329Z');
INSERT INTO vehicle (id, name, model, manufacturer, cost_in_credits, length, max_atmosphering_speed, crew, passengers, cargo_capacity, consumables, vehicle_class, created, edited) VALUES (76, 'AT-RT', 'All Terrain Recon Transport', 'Kuat Drive Yards', 40000, 3.2, 90, 1, 0, 20, '1 day', 'walker', '2014-12-20T20:47:49.189000Z', '2014-12-22T18:21:16.672821Z');

INSERT INTO vehicle_pilot (vehicle_id, person_id) VALUES (14, 1);
INSERT INTO vehicle_pilot (vehicle_id, person_id) VALUES (14, 18);
INSERT INTO vehicle_pilot (vehicle_id, person_id) VALUES (19, 13);
INSERT INTO vehicle_pilot (vehicle_id, person_id) VALUES (30, 1);
INSERT INTO vehicle_pilot (vehicle_id, person_id) VALUES (30, 5);
INSERT INTO vehicle_pilot (vehicle_id, person_id) VALUES (38, 10);
INSERT INTO vehicle_pilot (vehicle_id, person_id) VALUES (38, 32);
INSERT INTO vehicle_pilot (vehicle_id, person_id) VALUES (42, 44);
INSERT INTO vehicle_pilot (vehicle_id, person_id) VALUES (44, 11);
INSERT INTO vehicle_pilot (vehicle_id, person_id) VALUES (45, 70);
INSERT INTO vehicle_pilot (vehicle_id, person_id) VALUES (46, 11);
INSERT INTO vehicle_pilot (vehicle_id, person_id) VALUES (55, 67);
INSERT INTO vehicle_pilot (vehicle_id, person_id) VALUES (60, 79);

INSERT INTO starship (id, name, model, manufacturer, cost_in_credits, length, max_atmosphering_speed, crew, passengers, cargo_capacity, consumables, hyperdrive_rating, mglt, starship_class, created, edited) VALUES (2, 'CR90 corvette', 'CR90 corvette', 'Corellian Engineering Corporation', 3500000, 150, 950, 165, 600, 3000000, '1 year', 2.0, 60, 'corvette', '2014-12-10T14:20:33.369000Z', '2014-12-22T17:35:45.408368Z');
INSERT INTO starship (id, name, model, manufacturer, cost_in_credits, length, max_atmosphering_speed, crew, passengers, cargo_capacity, consumables, hyperdrive_rating, mglt, starship_class, created, edited) VALUES (3, 'Star Destroyer', 'Imperial I-class Star Destroyer', 'Kuat Drive Yards', 150000000, 1.600, 975, 47060, 0, 36000000, '2 years', 2.0, 60, 'Star Destroyer', '2014-12-10T15:08:19.848000Z', '2014-12-22T17:35:44.410941Z');
INSERT INTO starship (id, name, model, manufacturer, cost_in_credits, length, max_atmosphering_speed, crew, passengers, cargo_capacity, consumables, hyperdrive_rating, mglt, starship_class, created, edited) VALUES (5, 'Sentinel-class landing craft', 'Sentinel-class landing craft', 'Sienar Fleet Systems, Cyngus Spaceworks', 240000, 38, 1000, 5, 75, 180000, '1 month', 1.0, 70, 'landing craft', '2014-12-10T15:48:00.586000Z', '2014-12-22T17:35:44.431407Z');
INSERT INTO starship (id, name, model, manufacturer, cost_in_credits, length, max_atmosphering_speed, crew, passengers, cargo_capacity, consumables, hyperdrive_rating, mglt, starship_class, created, edited) VALUES (9, 'Death Star', 'DS-1 Orbital Battle Station', 'Imperial Department of Military Research, Sienar Fleet Systems', 1000000000000, 120000, NULL, 342953, 843342, 1000000000000, '3 years', 4.0, 10, 'Deep Space Mobile Battlestation', '2014-12-10T16:36:50.509000Z', '2014-12-22T17:35:44.452589Z');
INSERT INTO starship (id, name, model, manufacturer, cost_in_credits, length, max_atmosphering_speed, crew, passengers, cargo_capacity, consumables, hyperdrive_rating, mglt, starship_class, created, edited) VALUES (10, 'Millennium Falcon', 'YT-1300 light freighter', 'Corellian Engineering Corporation', 100000, 34.37, 1050, 4, 6, 100000, '2 months', 0.5, 75, 'Light freighter', '2014-12-10T16:59:45.094000Z', '2014-12-22T17:35:44.464156Z');
INSERT INTO starship (id, name, model, manufacturer, cost_in_credits, length, max_atmosphering_speed, crew, passengers, cargo_capacity, consumables, hyperdrive_rating, mglt, starship_class, created, edited) VALUES (11, 'Y-wing', 'BTL Y-wing', 'Koensayr Manufacturing', 134999, 14, 1000, 2, 0, 110, '1 week', 1.0, 80, 'assault starfighter', '2014-12-12T11:00:39.817000Z', '2014-12-22T17:35:44.479706Z');
INSERT INTO starship (id, name, model, manufacturer, cost_in_credits, length, max_atmosphering_speed, crew, passengers, cargo_capacity, consumables, hyperdrive_rating, mglt, starship_class, created, edited) VALUES (12, 'X-wing', 'T-65 X-wing', 'Incom Corporation', 149999, 12.5, 1050, 1, 0, 110, '1 week', 1.0, 100, 'Starfighter', '2014-12-12T11:19:05.340000Z', '2014-12-22T17:35:44.491233Z');
INSERT INTO starship (id, name, model, manufacturer, cost_in_credits, length, max_atmosphering_speed, crew, passengers, cargo_capacity, consumables, hyperdrive_rating, mglt, starship_class, created, edited) VALUES (13, 'TIE Advanced x1', 'Twin Ion Engine Advanced x1', 'Sienar Fleet Systems', NULL, 9.2, 1200, 1, 0, 150, '5 days', 1.0, 105, 'Starfighter', '2014-12-12T11:21:32.991000Z', '2014-12-22T17:35:44.549047Z');
INSERT INTO starship (id, name, model, manufacturer, cost_in_credits, length, max_atmosphering_speed, crew, passengers, cargo_capacity, consumables, hyperdrive_rating, mglt, starship_class, created, edited) VALUES (15, 'Executor', 'Executor-class star dreadnought', 'Kuat Drive Yards, Fondor Shipyards', 1143350000, 19000, NULL, 279144, 38000, 250000000, '6 years', 2.0, 40, 'Star dreadnought', '2014-12-15T12:31:42.547000Z', '2017-04-19T10:56:06.685592Z');
INSERT INTO starship (id, name, model, manufacturer, cost_in_credits, length, max_atmosphering_speed, crew, passengers, cargo_capacity, consumables, hyperdrive_rating, mglt, starship_class, created, edited) VALUES (17, 'Rebel transport', 'GR-75 medium transport', 'Gallofree Yards, Inc.', NULL, 90, 650, 6, 90, 19000000, '6 months', 4.0, 20, 'Medium transport', '2014-12-15T12:34:52.264000Z', '2014-12-22T17:35:44.680838Z');
INSERT INTO starship (id, name, model, manufacturer, cost_in_credits, length, max_atmosphering_speed, crew, passengers, cargo_capacity, consumables, hyperdrive_rating, mglt, starship_class, created, edited) VALUES (21, 'Slave 1', 'Firespray-31-class patrol and attack', 'Kuat Systems Engineering', NULL, 21.5, 1000, 1, 6, 70000, '1 month', 3.0, 70, 'Patrol craft', '2014-12-15T13:00:56.332000Z', '2014-12-22T17:35:44.716273Z');
INSERT INTO starship (id, name, model, manufacturer, cost_in_credits, length, max_atmosphering_speed, crew, passengers, cargo_capacity, consumables, hyperdrive_rating, mglt, starship_class, created, edited) VALUES (22, 'Imperial shuttle', 'Lambda-class T-4a shuttle', 'Sienar Fleet Systems', 240000, 20, 850, 6, 20, 80000, '2 months', 1.0, 50, 'Armed government transport', '2014-12-15T13:04:47.235000Z', '2014-12-22T17:35:44.795405Z');
INSERT INTO starship (id, name, model, manufacturer, cost_in_credits, length, max_atmosphering_speed, crew, passengers, cargo_capacity, consumables, hyperdrive_rating, mglt, starship_class, created, edited) VALUES (23, 'EF76 Nebulon-B escort frigate', 'EF76 Nebulon-B escort frigate', 'Kuat Drive Yards', 8500000, 300, 800, 854, 75, 6000000, '2 years', 2.0, 40, 'Escort ship', '2014-12-15T13:06:30.813000Z', '2014-12-22T17:35:44.848329Z');
INSERT INTO starship (id, name, model, manufacturer, cost_in_credits, length, max_atmosphering_speed, crew, passengers, cargo_capacity, consumables, hyperdrive_rating, mglt, starship_class, created, edited) VALUES (27, 'Calamari Cruiser', 'MC80 Liberty type Star Cruiser', 'Mon Calamari shipyards', 104000000, 1200, NULL, 5400, 1200, NULL, '2 years', 1.0, 60, 'Star Cruiser', '2014-12-18T10:54:57.804000Z', '2014-12-22T17:35:44.957852Z');
INSERT INTO starship (id, name, model, manufacturer, cost_in_credits, length, max_atmosphering_speed, crew, passengers, cargo_capacity, consumables, hyperdrive_rating, mglt, starship_class, created, edited) VALUES (28, 'A-wing', 'RZ-1 A-wing Interceptor', 'Alliance Underground Engineering, Incom Corporation', 175000, 9.6, 1300, 1, 0, 40, '1 week', 1.0, 120, 'Starfighter', '2014-12-18T11:16:34.542000Z', '2014-12-22T17:35:44.978754Z');
INSERT INTO starship (id, name, model, manufacturer, cost_in_credits, length, max_atmosphering_speed, crew, passengers, cargo_capacity, consumables, hyperdrive_rating, mglt, starship_class, created, edited) VALUES (29, 'B-wing', 'A/SF-01 B-wing starfighter', 'Slayn & Korpil', 220000, 16.9, 950, 1, 0, 45, '1 week', 2.0, 91, 'Assault Starfighter', '2014-12-18T11:18:04.763000Z', '2014-12-22T17:35:45.011193Z');
INSERT INTO starship (id, name, model, manufacturer, cost_in_credits, length, max_atmosphering_speed, crew, passengers, cargo_capacity, consumables, hyperdrive_rating, mglt, starship_class, created, edited) VALUES (31, 'Republic Cruiser', 'Consular-class cruiser', 'Corellian Engineering Corporation', NULL, 115, 900, 9, 16, NULL, NULL, 2.0, NULL, 'Space cruiser', '2014-12-19T17:01:31.488000Z', '2014-12-22T17:35:45.027308Z');
INSERT INTO starship (id, name, model, manufacturer, cost_in_credits, length, max_atmosphering_speed, crew, passengers, cargo_capacity, consumables, hyperdrive_rating, mglt, starship_class, created, edited) VALUES (32, 'Droid control ship', 'Lucrehulk-class Droid Control Ship', 'Hoersch-Kessel Drive, Inc.', NULL, 3170, NULL, 175, 139000, 4000000000, '500 days', 2.0, NULL, 'Droid control ship', '2014-12-19T17:04:06.323000Z', '2014-12-22T17:35:45.042900Z');
INSERT INTO starship (id, name, model, manufacturer, cost_in_credits, length, max_atmosphering_speed, crew, passengers, cargo_capacity, consumables, hyperdrive_rating, mglt, starship_class, created, edited) VALUES (39, 'Naboo fighter', 'N-1 starfighter', 'Theed Palace Space Vessel Engineering Corps', 200000, 11, 1100, 1, 0, 65, '7 days', 1.0, NULL, 'Starfighter', '2014-12-19T17:39:17.582000Z', '2014-12-22T17:35:45.079452Z');
INSERT INTO starship (id, name, model, manufacturer, cost_in_credits, length, max_atmosphering_speed, crew, passengers, cargo_capacity, consumables, hyperdrive_rating, mglt, starship_class, created, edited) VALUES (40, 'Naboo Royal Starship', 'J-type 327 Nubian royal starship', 'Theed Palace Space Vessel Engineering Corps, Nubia Star Drives', NULL, 76, 920, 8, NULL, NULL, NULL, 1.8, NULL, 'yacht', '2014-12-19T17:45:03.506000Z', '2014-12-22T17:35:45.091925Z');
INSERT INTO starship (id, name, model, manufacturer, cost_in_credits, length, max_atmosphering_speed, crew, passengers, cargo_capacity, consumables, hyperdrive_rating, mglt, starship_class, created, edited) VALUES (41, 'Scimitar', 'Star Courier', 'Republic Sienar Systems', 55000000, 26.5, 1180, 1, 6, 2500000, '30 days', 1.5, NULL, 'Space Transport', '2014-12-20T09:39:56.116000Z', '2014-12-22T17:35:45.105522Z');
INSERT INTO starship (id, name, model, manufacturer, cost_in_credits, length, max_atmosphering_speed, crew, passengers, cargo_capacity, consumables, hyperdrive_rating, mglt, starship_class, created, edited) VALUES (43, 'J-type diplomatic barge', 'J-type diplomatic barge', 'Theed Palace Space Vessel Engineering Corps, Nubia Star Drives', 2000000, 39, 2000, 5, 10, NULL, '1 year', 0.7, NULL, 'Diplomatic barge', '2014-12-20T11:05:51.237000Z', '2014-12-22T17:35:45.124386Z');
INSERT INTO starship (id, name, model, manufacturer, cost_in_credits, length, max_atmosphering_speed, crew, passengers, cargo_capacity, consumables, hyperdrive_rating, mglt, starship_class, created, edited) VALUES (47, 'AA-9 Coruscant freighter', 'Botajef AA-9 Freighter-Liner', 'Botajef Shipyards', NULL, 390, NULL, NULL, 30000, NULL, NULL, NULL, NULL, 'freighter', '2014-12-20T17:24:23.509000Z', '2014-12-22T17:35:45.135987Z');
INSERT INTO starship (id, name, model, manufacturer, cost_in_credits, length, max_atmosphering_speed, crew, passengers, cargo_capacity, consumables, hyperdrive_rating, mglt, starship_class, created, edited) VALUES (48, 'Jedi starfighter', 'Delta-7 Aethersprite-class interceptor', 'Kuat Systems Engineering', 180000, 8, 1150, 1, 0, 60, '7 days', 1.0, NULL, 'Starfighter', '2014-12-20T17:35:23.906000Z', '2014-12-22T17:35:45.147746Z');
INSERT INTO starship (id, name, model, manufacturer, cost_in_credits, length, max_atmosphering_speed, crew, passengers, cargo_capacity, consumables, hyperdrive_rating, mglt, starship_class, created, edited) VALUES (49, 'H-type Nubian yacht', 'H-type Nubian yacht', 'Theed Palace Space Vessel Engineering Corps', NULL, 47.9, 8000, 4, NULL, NULL, NULL, 0.9, NULL, 'yacht', '2014-12-20T17:46:46.847000Z', '2014-12-22T17:35:45.158969Z');
INSERT INTO starship (id, name, model, manufacturer, cost_in_credits, length, max_atmosphering_speed, crew, passengers, cargo_capacity, consumables, hyperdrive_rating, mglt, starship_class, created, edited) VALUES (52, 'Republic Assault ship', 'Acclamator I-class assault ship', 'Rothana Heavy Engineering', NULL, 752, NULL, 700, 16000, 11250000, '2 years', 0.6, NULL, 'assault ship', '2014-12-20T18:08:42.926000Z', '2014-12-22T17:35:45.171653Z');
INSERT INTO starship (id, name, model, manufacturer, cost_in_credits, length, max_atmosphering_speed, crew, passengers, cargo_capacity, consumables, hyperdrive_rating, mglt, starship_class, created, edited) VALUES (58, 'Solar Sailer', 'Punworcca 116-class interstellar sloop', 'Huppla Pasa Tisc Shipwrights Collective', 35700, 15.2, 1600, 3, 11, 240, '7 days', 1.5, NULL, 'yacht', '2014-12-20T18:37:56.969000Z', '2014-12-22T17:35:45.183075Z');
INSERT INTO starship (id, name, model, manufacturer, cost_in_credits, length, max_atmosphering_speed, crew, passengers, cargo_capacity, consumables, hyperdrive_rating, mglt, starship_class, created, edited) VALUES (59, 'Trade Federation cruiser', 'Providence-class carrier/destroyer', 'Rendili StarDrive, Free Dac Volunteers Engineering corps.', 125000000, 1088, 1050, 600, 48247, 50000000, '4 years', 1.5, NULL, 'capital ship', '2014-12-20T19:40:21.902000Z', '2014-12-22T17:35:45.195165Z');
INSERT INTO starship (id, name, model, manufacturer, cost_in_credits, length, max_atmosphering_speed, crew, passengers, cargo_capacity, consumables, hyperdrive_rating, mglt, starship_class, created, edited) VALUES (61, 'Theta-class T-2c shuttle', 'Theta-class T-2c shuttle', 'Cygnus Spaceworks', 1000000, 18.5, 2000, 5, 16, 50000, '56 days', 1.0, NULL, 'transport', '2014-12-20T19:48:40.409000Z', '2014-12-22T17:35:45.208584Z');
INSERT INTO starship (id, name, model, manufacturer, cost_in_credits, length, max_atmosphering_speed, crew, passengers, cargo_capacity, consumables, hyperdrive_rating, mglt, starship_class, created, edited) VALUES (63, 'Republic attack cruiser', 'Senator-class Star Destroyer', 'Kuat Drive Yards, Allanteen Six shipyards', 59000000, 1137, 975, 7400, 2000, 20000000, '2 years', 1.0, NULL, 'star destroyer', '2014-12-20T19:52:56.232000Z', '2014-12-22T17:35:45.224540Z');
INSERT INTO starship (id, name, model, manufacturer, cost_in_credits, length, max_atmosphering_speed, crew, passengers, cargo_capacity, consumables, hyperdrive_rating, mglt, starship_class, created, edited) VALUES (64, 'Naboo star skiff', 'J-type star skiff', 'Theed Palace Space Vessel Engineering Corps/Nubia Star Drives, Incorporated', NULL, 29.2, 1050, 3, 3, NULL, NULL, 0.5, NULL, 'yacht', '2014-12-20T19:55:15.396000Z', '2014-12-22T17:35:45.258859Z');
INSERT INTO starship (id, name, model, manufacturer, cost_in_credits, length, max_atmosphering_speed, crew, passengers, cargo_capacity, consumables, hyperdrive_rating, mglt, starship_class, created, edited) VALUES (65, 'Jedi Interceptor', 'Eta-2 Actis-class light interceptor', 'Kuat Systems Engineering', 320000, 5.47, 1500, 1, 0, 60, '2 days', 1.0, NULL, 'starfighter', '2014-12-20T19:56:57.468000Z', '2014-12-22T17:35:45.272349Z');
INSERT INTO starship (id, name, model, manufacturer, cost_in_credits, length, max_atmosphering_speed, crew, passengers, cargo_capacity, consumables, hyperdrive_rating, mglt, starship_class, created, edited) VALUES (66, 'arc-170', 'Aggressive Reconnaissance-170 starfighte', 'Incom Corporation, Subpro Corporation', 155000, 14.5, 1000, 3, 0, 110, '5 days', 1.0, 100, 'starfighter', '2014-12-20T20:03:48.603000Z', '2014-12-22T17:35:45.287214Z');
INSERT INTO starship (id, name, model, manufacturer, cost_in_credits, length, max_atmosphering_speed, crew, passengers, cargo_capacity, consumables, hyperdrive_rating, mglt, starship_class, created, edited) VALUES (68, 'Banking clan frigate', 'Munificent-class star frigate', 'Hoersch-Kessel Drive, Inc, Gwori Revolutionary Industries', 57000000, 825, NULL, 200, NULL, 40000000, '2 years', 1.0, NULL, 'cruiser', '2014-12-20T20:07:11.538000Z', '2017-04-19T10:53:32.700283Z');
INSERT INTO starship (id, name, model, manufacturer, cost_in_credits, length, max_atmosphering_speed, crew, passengers, cargo_capacity, consumables, hyperdrive_rating, mglt, starship_class, created, edited) VALUES (74, 'Belbullab-22 starfighter', 'Belbullab-22 starfighter', 'Feethan Ottraw Scalable Assemblies', 168000, 6.71, 1100, 1, 0, 140, '7 days', 6, NULL, 'starfighter', '2014-12-20T20:38:05.031000Z', '2014-12-22T17:35:45.381900Z');
INSERT INTO starship (id, name, model, manufacturer, cost_in_credits, length, max_atmosphering_speed, crew, passengers, cargo_capacity, consumables, hyperdrive_rating, mglt, starship_class, created, edited) VALUES (75, 'V-wing', 'Alpha-3 Nimbus-class V-wing starfighter', 'Kuat Systems Engineering', 102500, 7.9, 1050, 1, 0, 60, '15 hours', 1.0, NULL, 'starfighter', '2014-12-20T20:43:04.349000Z', '2014-12-22T17:35:45.396711Z');
INSERT INTO starship (id, name, model, manufacturer, cost_in_credits, length, max_atmosphering_speed, crew, passengers, cargo_capacity, consumables, hyperdrive_rating, mglt, starship_class, created, edited) VALUES (77, 'T-70 X-wing fighter', 'T-70 X-wing fighter', 'Incom', NULL, NULL, NULL, 1, NULL, NULL, NULL, NULL, NULL, 'fighter', '2015-04-17T06:58:50.614475Z', '2015-04-17T06:58:50.614528Z');

INSERT INTO starship_pilot (starship_id, person_id) VALUES (10, 13);
INSERT INTO starship_pilot (starship_id, person_id) VALUES (10, 14);
INSERT INTO starship_pilot (starship_id, person_id) VALUES (10, 25);
INSERT INTO starship_pilot (starship_id, person_id) VALUES (10, 31);
INSERT INTO starship_pilot (starship_id, person_id) VALUES (12, 1);
INSERT INTO starship_pilot (starship_id, person_id) VALUES (12, 9);
INSERT INTO starship_pilot (starship_id, person_id) VALUES (12, 18);
INSERT INTO starship_pilot (starship_id, person_id) VALUES (12, 19);
INSERT INTO starship_pilot (starship_id, person_id) VALUES (13, 4);
INSERT INTO starship_pilot (starship_id, person_id) VALUES (21, 22);
INSERT INTO starship_pilot (starship_id, person_id) VALUES (22, 1);
INSERT INTO starship_pilot (starship_id, person_id) VALUES (22, 13);
INSERT INTO starship_pilot (starship_id, person_id) VALUES (22, 14);
INSERT INTO starship_pilot (starship_id, person_id) VALUES (28, 29);
INSERT INTO starship_pilot (starship_id, person_id) VALUES (39, 11);
INSERT INTO starship_pilot (starship_id, person_id) VALUES (39, 60);
INSERT INTO starship_pilot (starship_id, person_id) VALUES (39, 35);
INSERT INTO starship_pilot (starship_id, person_id) VALUES (40, 39);
INSERT INTO starship_pilot (starship_id, person_id) VALUES (41, 44);
INSERT INTO starship_pilot (starship_id, person_id) VALUES (48, 10);
INSERT INTO starship_pilot (starship_id, person_id) VALUES (48, 58);
INSERT INTO starship_pilot (starship_id, person_id) VALUES (49, 35);
INSERT INTO starship_pilot (starship_id, person_id) VALUES (59, 10);
INSERT INTO starship_pilot (starship_id, person_id) VALUES (59, 11);
INSERT INTO starship_pilot (starship_id, person_id) VALUES (64, 10);
INSERT INTO starship_pilot (starship_id, person_id) VALUES (64, 35);
INSERT INTO starship_pilot (starship_id, person_id) VALUES (65, 10);
INSERT INTO starship_pilot (starship_id, person_id) VALUES (65, 11);
INSERT INTO starship_pilot (starship_id, person_id) VALUES (74, 10);
INSERT INTO starship_pilot (starship_id, person_id) VALUES (74, 79);
INSERT INTO starship_pilot (starship_id, person_id) VALUES (77, 86);

INSERT INTO film (id, title, episode_id, opening_crawl, director, producer, release_date, created, edited) VALUES(1, 'A New Hope', 4, 'It is a period of civil war.
Rebel spaceships, striking
from a hidden base, have won
their first victory against
the evil Galactic Empire.

During the battle, Rebel
spies managed to steal secret
plans to the Empire''s
ultimate weapon, the DEATH
STAR, an armored space
station with enough power
to destroy an entire planet.

Pursued by the Empire''s
sinister agents, Princess
Leia races home aboard her
starship, custodian of the
stolen plans that can save her
people and restore
freedom to the galaxy....', 'George Lucas', 'Gary Kurtz, Rick McCallum', '1977-05-25', '2014-12-10T14:23:31.880000Z', '2015-04-11T09:46:52.774897Z');
INSERT INTO film (id, title, episode_id, opening_crawl, director, producer, release_date, created, edited) VALUES(2, 'The Empire Strikes Back', 5, 'It is a dark time for the
Rebellion. Although the Death
Star has been destroyed,
Imperial troops have driven the
Rebel forces from their hidden
base and pursued them across
the galaxy.

Evading the dreaded Imperial
Starfleet, a group of freedom
fighters led by Luke Skywalker
has established a new secret
base on the remote ice world
of Hoth.

The evil lord Darth Vader,
obsessed with finding young
Skywalker, has dispatched
thousands of remote probes into
the far reaches of space....', 'Irvin Kershner', 'Gary Kurtz, Rick McCallum', '1980-05-17', '2014-12-12T11:26:24.656000Z', '2017-04-19T10:57:29.544256Z');
INSERT INTO film (id, title, episode_id, opening_crawl, director, producer, release_date, created, edited) VALUES(3, 'Return of the Jedi', 6, 'Luke Skywalker has returned to
his home planet of Tatooine in
an attempt to rescue his
friend Han Solo from the
clutches of the vile gangster
Jabba the Hutt.

Little does Luke know that the
GALACTIC EMPIRE has secretly
begun construction on a new
armored space station even
more powerful than the first
dreaded Death Star.

When completed, this ultimate
weapon will spell certain doom
for the small band of rebels
struggling to restore freedom
to the galaxy...', 'Richard Marquand', 'Howard G. Kazanjian, George Lucas, Rick McCallum', '1983-05-25', '2014-12-18T10:39:33.255000Z', '2015-04-11T09:46:05.220365Z');
INSERT INTO film (id, title, episode_id, opening_crawl, director, producer, release_date, created, edited) VALUES(4, 'The Phantom Menace', 1, 'Turmoil has engulfed the
Galactic Republic. The taxation
of trade routes to outlying star
systems is in dispute.

Hoping to resolve the matter
with a blockade of deadly
battleships, the greedy Trade
Federation has stopped all
shipping to the small planet
of Naboo.

While the Congress of the
Republic endlessly debates
this alarming chain of events,
the Supreme Chancellor has
secretly dispatched two Jedi
Knights, the guardians of
peace and justice in the
galaxy, to settle the conflict....', 'George Lucas', 'Rick McCallum', '1999-05-19', '2014-12-19T16:52:55.740000Z', '2015-04-11T09:45:18.689301Z');
INSERT INTO film (id, title, episode_id, opening_crawl, director, producer, release_date, created, edited) VALUES(5, 'Attack of the Clones', 2, 'There is unrest in the Galactic
Senate. Several thousand solar
systems have declared their
intentions to leave the Republic.

This separatist movement,
under the leadership of the
mysterious Count Dooku, has
made it difficult for the limited
number of Jedi Knights to maintain 
peace and order in the galaxy.

Senator Amidala, the former
Queen of Naboo, is returning
to the Galactic Senate to vote
on the critical issue of creating
an ARMY OF THE REPUBLIC
to assist the overwhelmed
Jedi....', 'George Lucas', 'Rick McCallum', '2002-05-16', '2014-12-20T10:57:57.886000Z', '2015-04-11T09:45:01.623982Z');
INSERT INTO film (id, title, episode_id, opening_crawl, director, producer, release_date, created, edited) VALUES(6, 'Revenge of the Sith', 3, 'War! The Republic is crumbling
under attacks by the ruthless
Sith Lord, Count Dooku.
There are heroes on both sides.
Evil is everywhere.

In a stunning move, the
fiendish droid leader, General
Grievous, has swept into the
Republic capital and kidnapped
Chancellor Palpatine, leader of
the Galactic Senate.

As the Separatist Droid Army
attempts to flee the besieged
capital with their valuable
hostage, two Jedi Knights lead a
desperate mission to rescue the
captive Chancellor....', 'George Lucas', 'Rick McCallum', '2005-05-19', '2014-12-20T18:49:38.403000Z', '2015-04-11T09:45:44.862122Z');
INSERT INTO film (id, title, episode_id, opening_crawl, director, producer, release_date, created, edited) VALUES(7, 'The Force Awakens', 7, 'Luke Skywalker has vanished.
In his absence, the sinister
FIRST ORDER has risen from
the ashes of the Empire
and will not rest until
Skywalker, the last Jedi,
has been destroyed.
 
With the support of the
REPUBLIC, General Leia Organa
leads a brave RESISTANCE.
She is desperate to find her
brother Luke and gain his
help in restoring peace and
justice to the galaxy.
 
Leia has sent her most daring
pilot on a secret mission
to Jakku, where an old ally
has discovered a clue to
Luke''s whereabouts....', 'J. J. Abrams', 'Kathleen Kennedy, J. J. Abrams, Bryan Burk', '2015-12-11', '2015-04-17T06:51:30.504780Z', '2015-12-17T14:31:47.617768Z');

INSERT INTO film_character (film_id, person_id) VALUES (1, 1);
INSERT INTO film_character (film_id, person_id) VALUES (1, 2);
INSERT INTO film_character (film_id, person_id) VALUES (1, 3);
INSERT INTO film_character (film_id, person_id) VALUES (1, 4);
INSERT INTO film_character (film_id, person_id) VALUES (1, 5);
INSERT INTO film_character (film_id, person_id) VALUES (1, 6);
INSERT INTO film_character (film_id, person_id) VALUES (1, 7);
INSERT INTO film_character (film_id, person_id) VALUES (1, 8);
INSERT INTO film_character (film_id, person_id) VALUES (1, 9);
INSERT INTO film_character (film_id, person_id) VALUES (1, 10);
INSERT INTO film_character (film_id, person_id) VALUES (1, 12);
INSERT INTO film_character (film_id, person_id) VALUES (1, 13);
INSERT INTO film_character (film_id, person_id) VALUES (1, 14);
INSERT INTO film_character (film_id, person_id) VALUES (1, 15);
INSERT INTO film_character (film_id, person_id) VALUES (1, 16);
INSERT INTO film_character (film_id, person_id) VALUES (1, 18);
INSERT INTO film_character (film_id, person_id) VALUES (1, 19);
INSERT INTO film_character (film_id, person_id) VALUES (1, 81);

INSERT INTO film_planet (film_id, planet_id) VALUES (1, 2);
INSERT INTO film_planet (film_id, planet_id) VALUES (1, 3);
INSERT INTO film_planet (film_id, planet_id) VALUES (1, 1);

INSERT INTO film_starship (film_id, starship_id) VALUES (1, 2);
INSERT INTO film_starship (film_id, starship_id) VALUES (1, 3);
INSERT INTO film_starship (film_id, starship_id) VALUES (1, 5);
INSERT INTO film_starship (film_id, starship_id) VALUES (1, 9);
INSERT INTO film_starship (film_id, starship_id) VALUES (1, 10);
INSERT INTO film_starship (film_id, starship_id) VALUES (1, 11);
INSERT INTO film_starship (film_id, starship_id) VALUES (1, 12);
INSERT INTO film_starship (film_id, starship_id) VALUES (1, 13);

INSERT INTO film_vehicle (film_id, vehicle_id) VALUES (1, 4);
INSERT INTO film_vehicle (film_id, vehicle_id) VALUES (1, 6);
INSERT INTO film_vehicle (film_id, vehicle_id) VALUES (1, 7);
INSERT INTO film_vehicle (film_id, vehicle_id) VALUES (1, 8);

INSERT INTO film_species (film_id, species_id) VALUES (1, 5);
INSERT INTO film_species (film_id, species_id) VALUES (1, 3);
INSERT INTO film_species (film_id, species_id) VALUES (1, 2);
INSERT INTO film_species (film_id, species_id) VALUES (1, 1);
INSERT INTO film_species (film_id, species_id) VALUES (1, 4);
INSERT INTO film_character (film_id, person_id) VALUES (2, 1);
INSERT INTO film_character (film_id, person_id) VALUES (2, 2);
INSERT INTO film_character (film_id, person_id) VALUES (2, 3);
INSERT INTO film_character (film_id, person_id) VALUES (2, 4);
INSERT INTO film_character (film_id, person_id) VALUES (2, 5);
INSERT INTO film_character (film_id, person_id) VALUES (2, 10);
INSERT INTO film_character (film_id, person_id) VALUES (2, 13);
INSERT INTO film_character (film_id, person_id) VALUES (2, 14);
INSERT INTO film_character (film_id, person_id) VALUES (2, 18);
INSERT INTO film_character (film_id, person_id) VALUES (2, 20);
INSERT INTO film_character (film_id, person_id) VALUES (2, 21);
INSERT INTO film_character (film_id, person_id) VALUES (2, 22);
INSERT INTO film_character (film_id, person_id) VALUES (2, 23);
INSERT INTO film_character (film_id, person_id) VALUES (2, 24);
INSERT INTO film_character (film_id, person_id) VALUES (2, 25);
INSERT INTO film_character (film_id, person_id) VALUES (2, 26);

INSERT INTO film_planet (film_id, planet_id) VALUES (2, 4);
INSERT INTO film_planet (film_id, planet_id) VALUES (2, 5);
INSERT INTO film_planet (film_id, planet_id) VALUES (2, 6);
INSERT INTO film_planet (film_id, planet_id) VALUES (2, 27);

INSERT INTO film_starship (film_id, starship_id) VALUES (2, 15);
INSERT INTO film_starship (film_id, starship_id) VALUES (2, 10);
INSERT INTO film_starship (film_id, starship_id) VALUES (2, 11);
INSERT INTO film_starship (film_id, starship_id) VALUES (2, 12);
INSERT INTO film_starship (film_id, starship_id) VALUES (2, 21);
INSERT INTO film_starship (film_id, starship_id) VALUES (2, 22);
INSERT INTO film_starship (film_id, starship_id) VALUES (2, 23);
INSERT INTO film_starship (film_id, starship_id) VALUES (2, 3);
INSERT INTO film_starship (film_id, starship_id) VALUES (2, 17);

INSERT INTO film_vehicle (film_id, vehicle_id) VALUES (2, 8);
INSERT INTO film_vehicle (film_id, vehicle_id) VALUES (2, 14);
INSERT INTO film_vehicle (film_id, vehicle_id) VALUES (2, 16);
INSERT INTO film_vehicle (film_id, vehicle_id) VALUES (2, 18);
INSERT INTO film_vehicle (film_id, vehicle_id) VALUES (2, 19);
INSERT INTO film_vehicle (film_id, vehicle_id) VALUES (2, 20);

INSERT INTO film_species (film_id, species_id) VALUES (2, 6);
INSERT INTO film_species (film_id, species_id) VALUES (2, 7);
INSERT INTO film_species (film_id, species_id) VALUES (2, 3);
INSERT INTO film_species (film_id, species_id) VALUES (2, 2);
INSERT INTO film_species (film_id, species_id) VALUES (2, 1);
INSERT INTO film_character (film_id, person_id) VALUES (3, 1);
INSERT INTO film_character (film_id, person_id) VALUES (3, 2);
INSERT INTO film_character (film_id, person_id) VALUES (3, 3);
INSERT INTO film_character (film_id, person_id) VALUES (3, 4);
INSERT INTO film_character (film_id, person_id) VALUES (3, 5);
INSERT INTO film_character (film_id, person_id) VALUES (3, 10);
INSERT INTO film_character (film_id, person_id) VALUES (3, 13);
INSERT INTO film_character (film_id, person_id) VALUES (3, 14);
INSERT INTO film_character (film_id, person_id) VALUES (3, 16);
INSERT INTO film_character (film_id, person_id) VALUES (3, 18);
INSERT INTO film_character (film_id, person_id) VALUES (3, 20);
INSERT INTO film_character (film_id, person_id) VALUES (3, 21);
INSERT INTO film_character (film_id, person_id) VALUES (3, 22);
INSERT INTO film_character (film_id, person_id) VALUES (3, 25);
INSERT INTO film_character (film_id, person_id) VALUES (3, 27);
INSERT INTO film_character (film_id, person_id) VALUES (3, 28);
INSERT INTO film_character (film_id, person_id) VALUES (3, 29);
INSERT INTO film_character (film_id, person_id) VALUES (3, 30);
INSERT INTO film_character (film_id, person_id) VALUES (3, 31);
INSERT INTO film_character (film_id, person_id) VALUES (3, 45);

INSERT INTO film_planet (film_id, planet_id) VALUES (3, 5);
INSERT INTO film_planet (film_id, planet_id) VALUES (3, 7);
INSERT INTO film_planet (film_id, planet_id) VALUES (3, 8);
INSERT INTO film_planet (film_id, planet_id) VALUES (3, 9);
INSERT INTO film_planet (film_id, planet_id) VALUES (3, 1);

INSERT INTO film_starship (film_id, starship_id) VALUES (3, 15);
INSERT INTO film_starship (film_id, starship_id) VALUES (3, 10);
INSERT INTO film_starship (film_id, starship_id) VALUES (3, 11);
INSERT INTO film_starship (film_id, starship_id) VALUES (3, 12);
INSERT INTO film_starship (film_id, starship_id) VALUES (3, 22);
INSERT INTO film_starship (film_id, starship_id) VALUES (3, 23);
INSERT INTO film_starship (film_id, starship_id) VALUES (3, 27);
INSERT INTO film_starship (film_id, starship_id) VALUES (3, 28);
INSERT INTO film_starship (film_id, starship_id) VALUES (3, 29);
INSERT INTO film_starship (film_id, starship_id) VALUES (3, 3);
INSERT INTO film_starship (film_id, starship_id) VALUES (3, 17);
INSERT INTO film_starship (film_id, starship_id) VALUES (3, 2);

INSERT INTO film_vehicle (film_id, vehicle_id) VALUES (3, 8);
INSERT INTO film_vehicle (film_id, vehicle_id) VALUES (3, 16);
INSERT INTO film_vehicle (film_id, vehicle_id) VALUES (3, 18);
INSERT INTO film_vehicle (film_id, vehicle_id) VALUES (3, 19);
INSERT INTO film_vehicle (film_id, vehicle_id) VALUES (3, 24);
INSERT INTO film_vehicle (film_id, vehicle_id) VALUES (3, 25);
INSERT INTO film_vehicle (film_id, vehicle_id) VALUES (3, 26);
INSERT INTO film_vehicle (film_id, vehicle_id) VALUES (3, 30);

INSERT INTO film_species (film_id, species_id) VALUES (3, 1);
INSERT INTO film_species (film_id, species_id) VALUES (3, 2);
INSERT INTO film_species (film_id, species_id) VALUES (3, 3);
INSERT INTO film_species (film_id, species_id) VALUES (3, 5);
INSERT INTO film_species (film_id, species_id) VALUES (3, 6);
INSERT INTO film_species (film_id, species_id) VALUES (3, 8);
INSERT INTO film_species (film_id, species_id) VALUES (3, 9);
INSERT INTO film_species (film_id, species_id) VALUES (3, 10);
INSERT INTO film_species (film_id, species_id) VALUES (3, 15);
INSERT INTO film_character (film_id, person_id) VALUES (4, 2);
INSERT INTO film_character (film_id, person_id) VALUES (4, 3);
INSERT INTO film_character (film_id, person_id) VALUES (4, 10);
INSERT INTO film_character (film_id, person_id) VALUES (4, 11);
INSERT INTO film_character (film_id, person_id) VALUES (4, 16);
INSERT INTO film_character (film_id, person_id) VALUES (4, 20);
INSERT INTO film_character (film_id, person_id) VALUES (4, 21);
INSERT INTO film_character (film_id, person_id) VALUES (4, 32);
INSERT INTO film_character (film_id, person_id) VALUES (4, 33);
INSERT INTO film_character (film_id, person_id) VALUES (4, 34);
INSERT INTO film_character (film_id, person_id) VALUES (4, 36);
INSERT INTO film_character (film_id, person_id) VALUES (4, 37);
INSERT INTO film_character (film_id, person_id) VALUES (4, 38);
INSERT INTO film_character (film_id, person_id) VALUES (4, 39);
INSERT INTO film_character (film_id, person_id) VALUES (4, 40);
INSERT INTO film_character (film_id, person_id) VALUES (4, 41);
INSERT INTO film_character (film_id, person_id) VALUES (4, 42);
INSERT INTO film_character (film_id, person_id) VALUES (4, 43);
INSERT INTO film_character (film_id, person_id) VALUES (4, 44);
INSERT INTO film_character (film_id, person_id) VALUES (4, 46);
INSERT INTO film_character (film_id, person_id) VALUES (4, 48);
INSERT INTO film_character (film_id, person_id) VALUES (4, 49);
INSERT INTO film_character (film_id, person_id) VALUES (4, 50);
INSERT INTO film_character (film_id, person_id) VALUES (4, 51);
INSERT INTO film_character (film_id, person_id) VALUES (4, 52);
INSERT INTO film_character (film_id, person_id) VALUES (4, 53);
INSERT INTO film_character (film_id, person_id) VALUES (4, 54);
INSERT INTO film_character (film_id, person_id) VALUES (4, 55);
INSERT INTO film_character (film_id, person_id) VALUES (4, 56);
INSERT INTO film_character (film_id, person_id) VALUES (4, 57);
INSERT INTO film_character (film_id, person_id) VALUES (4, 58);
INSERT INTO film_character (film_id, person_id) VALUES (4, 59);
INSERT INTO film_character (film_id, person_id) VALUES (4, 47);
INSERT INTO film_character (film_id, person_id) VALUES (4, 35);

INSERT INTO film_planet (film_id, planet_id) VALUES (4, 8);
INSERT INTO film_planet (film_id, planet_id) VALUES (4, 9);
INSERT INTO film_planet (film_id, planet_id) VALUES (4, 1);

INSERT INTO film_starship (film_id, starship_id) VALUES (4, 40);
INSERT INTO film_starship (film_id, starship_id) VALUES (4, 41);
INSERT INTO film_starship (film_id, starship_id) VALUES (4, 31);
INSERT INTO film_starship (film_id, starship_id) VALUES (4, 32);
INSERT INTO film_starship (film_id, starship_id) VALUES (4, 39);

INSERT INTO film_vehicle (film_id, vehicle_id) VALUES (4, 33);
INSERT INTO film_vehicle (film_id, vehicle_id) VALUES (4, 34);
INSERT INTO film_vehicle (film_id, vehicle_id) VALUES (4, 35);
INSERT INTO film_vehicle (film_id, vehicle_id) VALUES (4, 36);
INSERT INTO film_vehicle (film_id, vehicle_id) VALUES (4, 37);
INSERT INTO film_vehicle (film_id, vehicle_id) VALUES (4, 38);
INSERT INTO film_vehicle (film_id, vehicle_id) VALUES (4, 42);

INSERT INTO film_species (film_id, species_id) VALUES (4, 1);
INSERT INTO film_species (film_id, species_id) VALUES (4, 2);
INSERT INTO film_species (film_id, species_id) VALUES (4, 6);
INSERT INTO film_species (film_id, species_id) VALUES (4, 11);
INSERT INTO film_species (film_id, species_id) VALUES (4, 12);
INSERT INTO film_species (film_id, species_id) VALUES (4, 13);
INSERT INTO film_species (film_id, species_id) VALUES (4, 14);
INSERT INTO film_species (film_id, species_id) VALUES (4, 15);
INSERT INTO film_species (film_id, species_id) VALUES (4, 16);
INSERT INTO film_species (film_id, species_id) VALUES (4, 17);
INSERT INTO film_species (film_id, species_id) VALUES (4, 18);
INSERT INTO film_species (film_id, species_id) VALUES (4, 19);
INSERT INTO film_species (film_id, species_id) VALUES (4, 20);
INSERT INTO film_species (film_id, species_id) VALUES (4, 21);
INSERT INTO film_species (film_id, species_id) VALUES (4, 22);
INSERT INTO film_species (film_id, species_id) VALUES (4, 23);
INSERT INTO film_species (film_id, species_id) VALUES (4, 24);
INSERT INTO film_species (film_id, species_id) VALUES (4, 25);
INSERT INTO film_species (film_id, species_id) VALUES (4, 26);
INSERT INTO film_species (film_id, species_id) VALUES (4, 27);
INSERT INTO film_character (film_id, person_id) VALUES (5, 2);
INSERT INTO film_character (film_id, person_id) VALUES (5, 3);
INSERT INTO film_character (film_id, person_id) VALUES (5, 6);
INSERT INTO film_character (film_id, person_id) VALUES (5, 7);
INSERT INTO film_character (film_id, person_id) VALUES (5, 10);
INSERT INTO film_character (film_id, person_id) VALUES (5, 11);
INSERT INTO film_character (film_id, person_id) VALUES (5, 20);
INSERT INTO film_character (film_id, person_id) VALUES (5, 21);
INSERT INTO film_character (film_id, person_id) VALUES (5, 22);
INSERT INTO film_character (film_id, person_id) VALUES (5, 33);
INSERT INTO film_character (film_id, person_id) VALUES (5, 36);
INSERT INTO film_character (film_id, person_id) VALUES (5, 40);
INSERT INTO film_character (film_id, person_id) VALUES (5, 43);
INSERT INTO film_character (film_id, person_id) VALUES (5, 46);
INSERT INTO film_character (film_id, person_id) VALUES (5, 51);
INSERT INTO film_character (film_id, person_id) VALUES (5, 52);
INSERT INTO film_character (film_id, person_id) VALUES (5, 53);
INSERT INTO film_character (film_id, person_id) VALUES (5, 58);
INSERT INTO film_character (film_id, person_id) VALUES (5, 59);
INSERT INTO film_character (film_id, person_id) VALUES (5, 60);
INSERT INTO film_character (film_id, person_id) VALUES (5, 61);
INSERT INTO film_character (film_id, person_id) VALUES (5, 62);
INSERT INTO film_character (film_id, person_id) VALUES (5, 63);
INSERT INTO film_character (film_id, person_id) VALUES (5, 64);
INSERT INTO film_character (film_id, person_id) VALUES (5, 65);
INSERT INTO film_character (film_id, person_id) VALUES (5, 66);
INSERT INTO film_character (film_id, person_id) VALUES (5, 67);
INSERT INTO film_character (film_id, person_id) VALUES (5, 68);
INSERT INTO film_character (film_id, person_id) VALUES (5, 69);
INSERT INTO film_character (film_id, person_id) VALUES (5, 70);
INSERT INTO film_character (film_id, person_id) VALUES (5, 71);
INSERT INTO film_character (film_id, person_id) VALUES (5, 72);
INSERT INTO film_character (film_id, person_id) VALUES (5, 73);
INSERT INTO film_character (film_id, person_id) VALUES (5, 74);
INSERT INTO film_character (film_id, person_id) VALUES (5, 75);
INSERT INTO film_character (film_id, person_id) VALUES (5, 76);
INSERT INTO film_character (film_id, person_id) VALUES (5, 77);
INSERT INTO film_character (film_id, person_id) VALUES (5, 78);
INSERT INTO film_character (film_id, person_id) VALUES (5, 82);
INSERT INTO film_character (film_id, person_id) VALUES (5, 35);

INSERT INTO film_planet (film_id, planet_id) VALUES (5, 8);
INSERT INTO film_planet (film_id, planet_id) VALUES (5, 9);
INSERT INTO film_planet (film_id, planet_id) VALUES (5, 10);
INSERT INTO film_planet (film_id, planet_id) VALUES (5, 11);
INSERT INTO film_planet (film_id, planet_id) VALUES (5, 1);

INSERT INTO film_starship (film_id, starship_id) VALUES (5, 21);
INSERT INTO film_starship (film_id, starship_id) VALUES (5, 39);
INSERT INTO film_starship (film_id, starship_id) VALUES (5, 43);
INSERT INTO film_starship (film_id, starship_id) VALUES (5, 47);
INSERT INTO film_starship (film_id, starship_id) VALUES (5, 48);
INSERT INTO film_starship (film_id, starship_id) VALUES (5, 49);
INSERT INTO film_starship (film_id, starship_id) VALUES (5, 32);
INSERT INTO film_starship (film_id, starship_id) VALUES (5, 52);
INSERT INTO film_starship (film_id, starship_id) VALUES (5, 58);

INSERT INTO film_vehicle (film_id, vehicle_id) VALUES (5, 4);
INSERT INTO film_vehicle (film_id, vehicle_id) VALUES (5, 44);
INSERT INTO film_vehicle (film_id, vehicle_id) VALUES (5, 45);
INSERT INTO film_vehicle (film_id, vehicle_id) VALUES (5, 46);
INSERT INTO film_vehicle (film_id, vehicle_id) VALUES (5, 50);
INSERT INTO film_vehicle (film_id, vehicle_id) VALUES (5, 51);
INSERT INTO film_vehicle (film_id, vehicle_id) VALUES (5, 53);
INSERT INTO film_vehicle (film_id, vehicle_id) VALUES (5, 54);
INSERT INTO film_vehicle (film_id, vehicle_id) VALUES (5, 55);
INSERT INTO film_vehicle (film_id, vehicle_id) VALUES (5, 56);
INSERT INTO film_vehicle (film_id, vehicle_id) VALUES (5, 57);

INSERT INTO film_species (film_id, species_id) VALUES (5, 32);
INSERT INTO film_species (film_id, species_id) VALUES (5, 33);
INSERT INTO film_species (film_id, species_id) VALUES (5, 2);
INSERT INTO film_species (film_id, species_id) VALUES (5, 35);
INSERT INTO film_species (film_id, species_id) VALUES (5, 6);
INSERT INTO film_species (film_id, species_id) VALUES (5, 1);
INSERT INTO film_species (film_id, species_id) VALUES (5, 12);
INSERT INTO film_species (film_id, species_id) VALUES (5, 34);
INSERT INTO film_species (film_id, species_id) VALUES (5, 13);
INSERT INTO film_species (film_id, species_id) VALUES (5, 15);
INSERT INTO film_species (film_id, species_id) VALUES (5, 28);
INSERT INTO film_species (film_id, species_id) VALUES (5, 29);
INSERT INTO film_species (film_id, species_id) VALUES (5, 30);
INSERT INTO film_species (film_id, species_id) VALUES (5, 31);
INSERT INTO film_character (film_id, person_id) VALUES (6, 1);
INSERT INTO film_character (film_id, person_id) VALUES (6, 2);
INSERT INTO film_character (film_id, person_id) VALUES (6, 3);
INSERT INTO film_character (film_id, person_id) VALUES (6, 4);
INSERT INTO film_character (film_id, person_id) VALUES (6, 5);
INSERT INTO film_character (film_id, person_id) VALUES (6, 6);
INSERT INTO film_character (film_id, person_id) VALUES (6, 7);
INSERT INTO film_character (film_id, person_id) VALUES (6, 10);
INSERT INTO film_character (film_id, person_id) VALUES (6, 11);
INSERT INTO film_character (film_id, person_id) VALUES (6, 12);
INSERT INTO film_character (film_id, person_id) VALUES (6, 13);
INSERT INTO film_character (film_id, person_id) VALUES (6, 20);
INSERT INTO film_character (film_id, person_id) VALUES (6, 21);
INSERT INTO film_character (film_id, person_id) VALUES (6, 33);
INSERT INTO film_character (film_id, person_id) VALUES (6, 46);
INSERT INTO film_character (film_id, person_id) VALUES (6, 51);
INSERT INTO film_character (film_id, person_id) VALUES (6, 52);
INSERT INTO film_character (film_id, person_id) VALUES (6, 53);
INSERT INTO film_character (film_id, person_id) VALUES (6, 54);
INSERT INTO film_character (film_id, person_id) VALUES (6, 55);
INSERT INTO film_character (film_id, person_id) VALUES (6, 56);
INSERT INTO film_character (film_id, person_id) VALUES (6, 58);
INSERT INTO film_character (film_id, person_id) VALUES (6, 63);
INSERT INTO film_character (film_id, person_id) VALUES (6, 64);
INSERT INTO film_character (film_id, person_id) VALUES (6, 67);
INSERT INTO film_character (film_id, person_id) VALUES (6, 68);
INSERT INTO film_character (film_id, person_id) VALUES (6, 75);
INSERT INTO film_character (film_id, person_id) VALUES (6, 78);
INSERT INTO film_character (film_id, person_id) VALUES (6, 79);
INSERT INTO film_character (film_id, person_id) VALUES (6, 80);
INSERT INTO film_character (film_id, person_id) VALUES (6, 81);
INSERT INTO film_character (film_id, person_id) VALUES (6, 82);
INSERT INTO film_character (film_id, person_id) VALUES (6, 83);
INSERT INTO film_character (film_id, person_id) VALUES (6, 35);

INSERT INTO film_planet (film_id, planet_id) VALUES (6, 2);
INSERT INTO film_planet (film_id, planet_id) VALUES (6, 5);
INSERT INTO film_planet (film_id, planet_id) VALUES (6, 8);
INSERT INTO film_planet (film_id, planet_id) VALUES (6, 9);
INSERT INTO film_planet (film_id, planet_id) VALUES (6, 12);
INSERT INTO film_planet (film_id, planet_id) VALUES (6, 13);
INSERT INTO film_planet (film_id, planet_id) VALUES (6, 14);
INSERT INTO film_planet (film_id, planet_id) VALUES (6, 15);
INSERT INTO film_planet (film_id, planet_id) VALUES (6, 16);
INSERT INTO film_planet (film_id, planet_id) VALUES (6, 17);
INSERT INTO film_planet (film_id, planet_id) VALUES (6, 18);
INSERT INTO film_planet (film_id, planet_id) VALUES (6, 19);
INSERT INTO film_planet (film_id, planet_id) VALUES (6, 1);

INSERT INTO film_starship (film_id, starship_id) VALUES (6, 48);
INSERT INTO film_starship (film_id, starship_id) VALUES (6, 59);
INSERT INTO film_starship (film_id, starship_id) VALUES (6, 61);
INSERT INTO film_starship (film_id, starship_id) VALUES (6, 32);
INSERT INTO film_starship (film_id, starship_id) VALUES (6, 63);
INSERT INTO film_starship (film_id, starship_id) VALUES (6, 64);
INSERT INTO film_starship (film_id, starship_id) VALUES (6, 65);
INSERT INTO film_starship (film_id, starship_id) VALUES (6, 66);
INSERT INTO film_starship (film_id, starship_id) VALUES (6, 74);
INSERT INTO film_starship (film_id, starship_id) VALUES (6, 75);
INSERT INTO film_starship (film_id, starship_id) VALUES (6, 2);
INSERT INTO film_starship (film_id, starship_id) VALUES (6, 68);

INSERT INTO film_vehicle (film_id, vehicle_id) VALUES (6, 33);
INSERT INTO film_vehicle (film_id, vehicle_id) VALUES (6, 50);
INSERT INTO film_vehicle (film_id, vehicle_id) VALUES (6, 53);
INSERT INTO film_vehicle (film_id, vehicle_id) VALUES (6, 56);
INSERT INTO film_vehicle (film_id, vehicle_id) VALUES (6, 60);
INSERT INTO film_vehicle (film_id, vehicle_id) VALUES (6, 62);
INSERT INTO film_vehicle (film_id, vehicle_id) VALUES (6, 67);
INSERT INTO film_vehicle (film_id, vehicle_id) VALUES (6, 69);
INSERT INTO film_vehicle (film_id, vehicle_id) VALUES (6, 70);
INSERT INTO film_vehicle (film_id, vehicle_id) VALUES (6, 71);
INSERT INTO film_vehicle (film_id, vehicle_id) VALUES (6, 72);
INSERT INTO film_vehicle (film_id, vehicle_id) VALUES (6, 73);
INSERT INTO film_vehicle (film_id, vehicle_id) VALUES (6, 76);

INSERT INTO film_species (film_id, species_id) VALUES (6, 19);
INSERT INTO film_species (film_id, species_id) VALUES (6, 33);
INSERT INTO film_species (film_id, species_id) VALUES (6, 2);
INSERT INTO film_species (film_id, species_id) VALUES (6, 3);
INSERT INTO film_species (film_id, species_id) VALUES (6, 36);
INSERT INTO film_species (film_id, species_id) VALUES (6, 37);
INSERT INTO film_species (film_id, species_id) VALUES (6, 6);
INSERT INTO film_species (film_id, species_id) VALUES (6, 1);
INSERT INTO film_species (film_id, species_id) VALUES (6, 34);
INSERT INTO film_species (film_id, species_id) VALUES (6, 15);
INSERT INTO film_species (film_id, species_id) VALUES (6, 35);
INSERT INTO film_species (film_id, species_id) VALUES (6, 20);
INSERT INTO film_species (film_id, species_id) VALUES (6, 23);
INSERT INTO film_species (film_id, species_id) VALUES (6, 24);
INSERT INTO film_species (film_id, species_id) VALUES (6, 25);
INSERT INTO film_species (film_id, species_id) VALUES (6, 26);
INSERT INTO film_species (film_id, species_id) VALUES (6, 27);
INSERT INTO film_species (film_id, species_id) VALUES (6, 28);
INSERT INTO film_species (film_id, species_id) VALUES (6, 29);
INSERT INTO film_species (film_id, species_id) VALUES (6, 30);
INSERT INTO film_character (film_id, person_id) VALUES (7, 1);
INSERT INTO film_character (film_id, person_id) VALUES (7, 3);
INSERT INTO film_character (film_id, person_id) VALUES (7, 5);
INSERT INTO film_character (film_id, person_id) VALUES (7, 13);
INSERT INTO film_character (film_id, person_id) VALUES (7, 14);
INSERT INTO film_character (film_id, person_id) VALUES (7, 27);
INSERT INTO film_character (film_id, person_id) VALUES (7, 84);
INSERT INTO film_character (film_id, person_id) VALUES (7, 85);
INSERT INTO film_character (film_id, person_id) VALUES (7, 86);
INSERT INTO film_character (film_id, person_id) VALUES (7, 87);
INSERT INTO film_character (film_id, person_id) VALUES (7, 88);

INSERT INTO film_planet (film_id, planet_id) VALUES (7, 61);

INSERT INTO film_starship (film_id, starship_id) VALUES (7, 77);
INSERT INTO film_starship (film_id, starship_id) VALUES (7, 10);


INSERT INTO film_species (film_id, species_id) VALUES (7, 3);
INSERT INTO film_species (film_id, species_id) VALUES (7, 2);
INSERT INTO film_species (film_id, species_id) VALUES (7, 1);
